start,end,category,answered,likes,review
2024-05-20,2024-05-21,한식,7,71,다음에는 홍대 다른 맛집도 소개해주세요!
2024-10-06,2024-10-06,한식,18,216,합정 가면 여기 꼭 가봐야겠네요! 떡볶이 진짜 맛있어 보입니다.
2024-04-21,2024-04-22,한식,16,308,강남 가면 여기 꼭 가봐야겠네요! 삼겹살 진짜 맛있어 보입니다.
2024-10-06,2024-10-09,중식,7,229,마라탕 좋아하는데 이런 맛집이 있었다니!
2024-01-04,2024-01-05,한식,13,174,와 칼국수 진짜 맛있어 보이네요. 침 고입니다.
2024-06-21,2024-06-21,한식,2,194,영상 보고 바로 저장했습니다. 순대국 먹으러 이태원 가야겠어요.
2024-06-25,2024-06-27,일식,1,373,가격도 괜찮아 보이네요. 용산 갈 때 들러야겠어요.
2024-07-12,2024-07-12,중식,17,150,오늘 저녁 메뉴는 마라탕로 결정했습니다.
2024-07-04,2024-07-05,남미,2,23,영상 퀄리티도 좋고 정보도 좋아요.
2024-05-28,2024-05-28,한식,7,443,영상 보고 바로 저장했습니다. 냉면 먹으러 여의도 가야겠어요.
2024-08-20,2024-08-22,일식,5,189,여기 예전에 가봤는데 또 가고 싶네요. 초밥 최고!
2024-05-16,2024-05-16,한식,19,325,갈비 비주얼 미쳤네요… 다음 주말에 가볼게요!
2024-05-05,2024-05-06,중식,14,194,와 마라탕 진짜 맛있어 보이네요. 침 고입니다.
2024-06-15,2024-06-15,중식,7,420,이태원 가면 여기 꼭 가봐야겠네요! 마라탕 진짜 맛있어 보입니다.
2024-05-17,2024-05-17,한식,6,467,보쌈 좋아하는데 이런 맛집이 있었다니!
2024-09-12,2024-09-15,한식,20,234,보쌈 비주얼 미쳤네요… 다음 주말에 가볼게요!
2024-05-06,2024-05-08,한식,18,219,숨은 맛집 소개 감사합니다!
2024-07-04,2024-07-05,동남아,4,260,가격도 괜찮아 보이네요. 잠실 갈 때 들러야겠어요.
2024-01-25,2024-01-25,한식,4,321,치킨 비주얼 미쳤네요… 다음 주말에 가볼게요!
2024-02-02,2024-02-05,일식,12,305,가격도 괜찮아 보이네요. 망원 갈 때 들러야겠어요.
2024-10-10,2024-10-10,양식,3,349,숨은 맛집 소개 감사합니다!
2024-05-16,2024-05-18,중식,3,150,항상 믿고 보는 맛집 채널입니다 👍
2024-01-02,2024-01-04,한식,16,390,곱창 비주얼 미쳤네요… 다음 주말에 가볼게요!
2024-02-24,2024-02-26,양식,20,259,버거 좋아하는데 이런 맛집이 있었다니!
2024-07-10,2024-07-11,한식,17,488,여기 줄 서나요? 너무 맛있어 보입니다.
2024-01-01,2024-01-03,양식,15,9,영상 보고 바로 저장했습니다. 버거 먹으러 서촌 가야겠어요.
2024-06-06,2024-06-07,일식,1,123,숨은 맛집 소개 감사합니다!
2024-02-13,2024-02-16,동남아,2,500,여기 줄 서나요? 너무 맛있어 보입니다.
2024-03-05,2024-03-06,중식,15,484,이 채널 때문에 다이어트 포기합니다 😂
2024-09-27,2024-09-30,한식,6,475,이 채널 때문에 다이어트 포기합니다 😂
2024-06-08,2024-06-11,한식,20,191,가격도 괜찮아 보이네요. 압구정 갈 때 들러야겠어요.
2024-03-02,2024-03-03,양식,7,32,여기 예전에 가봤는데 또 가고 싶네요. 버거 최고!
2024-10-10,2024-10-11,한식,18,112,망원 가면 여기 꼭 가봐야겠네요! 삼겹살 진짜 맛있어 보입니다.
2024-01-31,2024-02-01,한식,2,463,압구정 가면 여기 꼭 가봐야겠네요! 치킨 진짜 맛있어 보입니다.
2024-09-20,2024-09-21,한식,8,342,가격도 괜찮아 보이네요. 강남 갈 때 들러야겠어요.
2024-03-08,2024-03-11,한식,7,401,가격도 괜찮아 보이네요. 신촌 갈 때 들러야겠어요.
2024-02-18,2024-02-18,일식,13,181,항상 믿고 보는 맛집 채널입니다 👍
2024-01-28,2024-01-28,일식,1,206,다음에는 건대 다른 맛집도 소개해주세요!
2024-02-25,2024-02-26,한식,6,97,이 채널 때문에 다이어트 포기합니다 😂
2024-08-04,2024-08-05,양식,8,236,성수 맛집 찾고 있었는데 감사합니다!
2024-10-08,2024-10-08,한식,1,333,이 채널 때문에 다이어트 포기합니다 😂
2024-05-01,2024-05-02,한식,13,248,가격도 괜찮아 보이네요. 강남 갈 때 들러야겠어요.
2024-07-24,2024-07-24,한식,5,194,용산 가면 여기 꼭 가봐야겠네요! 갈비 진짜 맛있어 보입니다.
2024-08-20,2024-08-22,일식,13,356,다음에는 종로 다른 맛집도 소개해주세요!
2024-09-06,2024-09-07,중식,6,151,합정 맛집 찾고 있었는데 감사합니다!
2024-10-04,2024-10-04,한식,10,29,망원 가면 여기 꼭 가봐야겠네요! 김치찌개 진짜 맛있어 보입니다.
2024-09-14,2024-09-15,동남아,1,491,이 채널 때문에 다이어트 포기합니다 😂
2024-04-05,2024-04-05,한식,19,34,영상 퀄리티도 좋고 정보도 좋아요.
2024-03-02,2024-03-03,한식,18,304,잠실 가면 여기 꼭 가봐야겠네요! 냉면 진짜 맛있어 보입니다.
2024-08-02,2024-08-04,남미,8,104,영상 퀄리티도 좋고 정보도 좋아요.
2024-05-15,2024-05-18,한식,4,343,영상 퀄리티도 좋고 정보도 좋아요.
2024-06-10,2024-06-10,한식,0,234,족발 좋아하는데 이런 맛집이 있었다니!
2024-02-07,2024-02-08,동남아,16,135,쌀국수 비주얼 미쳤네요… 다음 주말에 가볼게요!
2024-02-05,2024-02-06,일식,11,145,라멘 비주얼 미쳤네요… 다음 주말에 가볼게요!
2024-10-05,2024-10-07,양식,19,413,영상 퀄리티도 좋고 정보도 좋아요.
2024-10-10,2024-10-12,양식,3,480,숨은 맛집 소개 감사합니다!
2024-02-29,2024-02-29,한식,17,79,와 순대국 진짜 맛있어 보이네요. 침 고입니다.
2024-04-17,2024-04-19,한식,6,351,영상 퀄리티도 좋고 정보도 좋아요.
2024-09-07,2024-09-09,한식,1,47,영상 퀄리티도 좋고 정보도 좋아요.
2024-05-21,2024-05-21,일식,0,170,여기 줄 서나요? 너무 맛있어 보입니다.
2024-05-14,2024-05-15,한식,14,282,다음에는 합정 다른 맛집도 소개해주세요!
2024-01-05,2024-01-05,일식,2,483,숨은 맛집 소개 감사합니다!
2024-01-19,2024-01-21,한식,18,282,순대국 비주얼 미쳤네요… 다음 주말에 가볼게요!
2024-01-22,2024-01-24,일식,11,460,숨은 맛집 소개 감사합니다!
2024-07-02,2024-07-03,한식,7,341,영상 보고 바로 저장했습니다. 김치찌개 먹으러 서촌 가야겠어요.
2024-10-13,2024-10-16,일식,19,383,라멘 비주얼 미쳤네요… 다음 주말에 가볼게요!
2024-03-24,2024-03-25,한식,13,12,냉면 비주얼 미쳤네요… 다음 주말에 가볼게요!
2024-07-29,2024-07-30,한식,8,81,여기 줄 서나요? 너무 맛있어 보입니다.
2024-01-20,2024-01-23,한식,7,102,오늘 저녁 메뉴는 떡볶이로 결정했습니다.
2024-06-05,2024-06-06,양식,7,12,영상 퀄리티도 좋고 정보도 좋아요.
2024-06-17,2024-06-19,한식,2,495,여기 줄 서나요? 너무 맛있어 보입니다.
2024-09-17,2024-09-20,한식,17,169,을지로 가면 여기 꼭 가봐야겠네요! 칼국수 진짜 맛있어 보입니다.
2024-05-13,2024-05-14,한식,18,492,와 떡볶이 진짜 맛있어 보이네요. 침 고입니다.
2024-08-10,2024-08-12,한식,10,223,김치찌개 좋아하는데 이런 맛집이 있었다니!
2024-07-16,2024-07-17,양식,8,22,다음에는 강남 다른 맛집도 소개해주세요!
2024-09-23,2024-09-24,일식,11,220,영상 보고 바로 저장했습니다. 돈까스 먹으러 홍대 가야겠어요.
2024-06-09,2024-06-09,한식,9,259,와 보쌈 진짜 맛있어 보이네요. 침 고입니다.
2024-07-25,2024-07-27,일식,17,65,을지로 맛집 찾고 있었는데 감사합니다!
2024-07-13,2024-07-14,일식,19,291,와 돈까스 진짜 맛있어 보이네요. 침 고입니다.
2024-01-01,2024-01-03,일식,9,107,항상 믿고 보는 맛집 채널입니다 👍
2024-06-13,2024-06-16,동남아,14,226,영상 퀄리티도 좋고 정보도 좋아요.
2024-08-30,2024-08-31,한식,2,145,이 채널 때문에 다이어트 포기합니다 😂
2024-02-17,2024-02-18,남미,9,115,여기 줄 서나요? 너무 맛있어 보입니다.
2024-01-13,2024-01-13,한식,7,243,갈비 좋아하는데 이런 맛집이 있었다니!
2024-07-31,2024-08-01,한식,12,253,항상 믿고 보는 맛집 채널입니다 👍
2024-01-03,2024-01-03,한식,13,112,냉면 비주얼 미쳤네요… 다음 주말에 가볼게요!
2024-01-26,2024-01-27,양식,3,233,버거 비주얼 미쳤네요… 다음 주말에 가볼게요!
2024-09-28,2024-09-30,양식,14,313,오늘 저녁 메뉴는 파스타로 결정했습니다.
2024-10-07,2024-10-10,양식,5,380,오늘 저녁 메뉴는 버거로 결정했습니다.
2024-05-12,2024-05-13,양식,20,141,여기 줄 서나요? 너무 맛있어 보입니다.
2024-05-02,2024-05-04,양식,14,39,다음에는 건대 다른 맛집도 소개해주세요!
2024-05-19,2024-05-21,한식,10,457,이 채널 때문에 다이어트 포기합니다 😂
2024-03-18,2024-03-19,한식,12,355,치킨 비주얼 미쳤네요… 다음 주말에 가볼게요!
2024-07-31,2024-08-03,한식,10,277,가격도 괜찮아 보이네요. 강남 갈 때 들러야겠어요.
2024-04-15,2024-04-18,일식,12,463,여기 줄 서나요? 너무 맛있어 보입니다.
2024-01-11,2024-01-14,동남아,15,3,여기 예전에 가봤는데 또 가고 싶네요. 쌀국수 최고!
2024-07-18,2024-07-21,한식,17,382,다음에는 여의도 다른 맛집도 소개해주세요!
2024-04-22,2024-04-25,중식,7,139,항상 믿고 보는 맛집 채널입니다 👍
2024-07-18,2024-07-20,양식,12,370,피자 비주얼 미쳤네요… 다음 주말에 가볼게요!
2024-03-06,2024-03-06,양식,12,303,파스타 좋아하는데 이런 맛집이 있었다니!
2024-08-07,2024-08-08,한식,14,93,강남 가면 여기 꼭 가봐야겠네요! 삼겹살 진짜 맛있어 보입니다.
2024-06-16,2024-06-17,한식,14,167,여기 예전에 가봤는데 또 가고 싶네요. 칼국수 최고!
2024-08-03,2024-08-05,일식,2,240,종로 가면 여기 꼭 가봐야겠네요! 초밥 진짜 맛있어 보입니다.
2024-06-28,2024-06-29,중식,20,35,여기 줄 서나요? 너무 맛있어 보입니다.
2024-01-16,2024-01-17,한식,6,429,여의도 가면 여기 꼭 가봐야겠네요! 김치찌개 진짜 맛있어 보입니다.
2024-05-02,2024-05-03,남미,15,342,영상 보고 바로 저장했습니다. 타코 먹으러 성수 가야겠어요.
2024-08-26,2024-08-28,동남아,11,85,쌀국수 좋아하는데 이런 맛집이 있었다니!
2024-02-28,2024-02-29,남미,9,55,타코 좋아하는데 이런 맛집이 있었다니!
2024-06-08,2024-06-11,한식,12,482,다음에는 서촌 다른 맛집도 소개해주세요!
2024-05-04,2024-05-04,한식,9,435,영상 퀄리티도 좋고 정보도 좋아요.
2024-03-02,2024-03-02,남미,11,272,항상 믿고 보는 맛집 채널입니다 👍
2024-09-16,2024-09-18,일식,0,434,항상 믿고 보는 맛집 채널입니다 👍
2024-08-09,2024-08-11,양식,20,456,오늘 저녁 메뉴는 피자로 결정했습니다.
2024-03-19,2024-03-22,양식,5,375,이 채널 때문에 다이어트 포기합니다 😂
2024-10-02,2024-10-05,한식,14,223,오늘 저녁 메뉴는 칼국수로 결정했습니다.
2024-06-14,2024-06-15,동남아,2,142,숨은 맛집 소개 감사합니다!
2024-08-25,2024-08-28,양식,10,14,가격도 괜찮아 보이네요. 이태원 갈 때 들러야겠어요.
2024-09-06,2024-09-07,한식,11,408,와 보쌈 진짜 맛있어 보이네요. 침 고입니다.
2024-05-21,2024-05-21,한식,16,485,종로 맛집 찾고 있었는데 감사합니다!
2024-07-27,2024-07-30,한식,17,388,이태원 맛집 찾고 있었는데 감사합니다!
2024-09-08,2024-09-11,양식,0,47,와 피자 진짜 맛있어 보이네요. 침 고입니다.
2024-05-04,2024-05-06,한식,18,188,가격도 괜찮아 보이네요. 잠실 갈 때 들러야겠어요.
2024-06-25,2024-06-28,중식,17,169,여기 예전에 가봤는데 또 가고 싶네요. 마라탕 최고!
2024-06-05,2024-06-07,양식,7,61,다음에는 종로 다른 맛집도 소개해주세요!
2024-03-02,2024-03-03,한식,6,110,다음에는 을지로 다른 맛집도 소개해주세요!
2024-09-25,2024-09-27,양식,3,426,종로 맛집 찾고 있었는데 감사합니다!
2024-07-03,2024-07-04,한식,9,7,다음에는 이태원 다른 맛집도 소개해주세요!
2024-05-20,2024-05-20,중식,1,283,와 마라탕 진짜 맛있어 보이네요. 침 고입니다.
2024-09-08,2024-09-08,한식,0,293,와 순대국 진짜 맛있어 보이네요. 침 고입니다.
2024-08-13,2024-08-15,양식,5,494,건대 가면 여기 꼭 가봐야겠네요! 피자 진짜 맛있어 보입니다.
2024-09-01,2024-09-01,한식,2,205,가격도 괜찮아 보이네요. 용산 갈 때 들러야겠어요.
2024-01-28,2024-01-29,한식,4,415,치킨 좋아하는데 이런 맛집이 있었다니!
2024-05-07,2024-05-07,한식,17,391,항상 믿고 보는 맛집 채널입니다 👍
2024-04-25,2024-04-28,남미,14,465,가격도 괜찮아 보이네요. 망원 갈 때 들러야겠어요.
2024-08-07,2024-08-09,한식,18,317,용산 가면 여기 꼭 가봐야겠네요! 족발 진짜 맛있어 보입니다.
2024-02-20,2024-02-21,남미,20,108,와 타코 진짜 맛있어 보이네요. 침 고입니다.
2024-05-02,2024-05-03,한식,17,38,치킨 비주얼 미쳤네요… 다음 주말에 가볼게요!
2024-08-18,2024-08-21,한식,9,16,잠실 맛집 찾고 있었는데 감사합니다!
2024-05-24,2024-05-27,한식,2,351,압구정 맛집 찾고 있었는데 감사합니다!
2024-04-11,2024-04-14,한식,3,278,여의도 맛집 찾고 있었는데 감사합니다!
2024-05-16,2024-05-17,한식,2,30,순대국 비주얼 미쳤네요… 다음 주말에 가볼게요!
2024-10-18,2024-10-20,한식,14,63,가격도 괜찮아 보이네요. 망원 갈 때 들러야겠어요.
2024-07-25,2024-07-27,한식,16,276,가격도 괜찮아 보이네요. 압구정 갈 때 들러야겠어요.
2024-01-21,2024-01-24,양식,10,309,와 파스타 진짜 맛있어 보이네요. 침 고입니다.
2024-04-27,2024-04-27,한식,8,295,강남 가면 여기 꼭 가봐야겠네요! 삼겹살 진짜 맛있어 보입니다.
2024-09-22,2024-09-25,한식,8,92,곱창 좋아하는데 이런 맛집이 있었다니!
2024-09-08,2024-09-08,일식,15,178,항상 믿고 보는 맛집 채널입니다 👍
2024-02-23,2024-02-24,한식,10,210,다음에는 을지로 다른 맛집도 소개해주세요!
2024-07-24,2024-07-24,양식,14,45,여기 예전에 가봤는데 또 가고 싶네요. 피자 최고!
2024-02-29,2024-03-03,한식,16,422,을지로 가면 여기 꼭 가봐야겠네요! 칼국수 진짜 맛있어 보입니다.
2024-07-30,2024-07-30,중식,6,265,여기 예전에 가봤는데 또 가고 싶네요. 마라탕 최고!
2024-09-12,2024-09-15,남미,1,104,와 타코 진짜 맛있어 보이네요. 침 고입니다.
2024-05-27,2024-05-30,중식,15,62,성수 가면 여기 꼭 가봐야겠네요! 마라탕 진짜 맛있어 보입니다.
2024-05-02,2024-05-03,남미,9,282,여의도 가면 여기 꼭 가봐야겠네요! 타코 진짜 맛있어 보입니다.
2024-02-17,2024-02-18,중식,3,236,영상 보고 바로 저장했습니다. 마라탕 먹으러 잠실 가야겠어요.
2024-05-29,2024-05-31,한식,13,427,가격도 괜찮아 보이네요. 건대 갈 때 들러야겠어요.
2024-08-21,2024-08-22,양식,12,97,숨은 맛집 소개 감사합니다!
2024-03-10,2024-03-10,남미,8,395,여기 줄 서나요? 너무 맛있어 보입니다.
2024-09-16,2024-09-18,일식,0,144,다음에는 을지로 다른 맛집도 소개해주세요!
2024-10-27,2024-10-30,한식,4,228,이 채널 때문에 다이어트 포기합니다 😂
2024-06-19,2024-06-22,양식,14,477,여기 예전에 가봤는데 또 가고 싶네요. 피자 최고!
2024-05-02,2024-05-05,한식,7,438,여기 줄 서나요? 너무 맛있어 보입니다.
2024-06-11,2024-06-14,일식,12,197,영상 퀄리티도 좋고 정보도 좋아요.
2024-01-19,2024-01-20,한식,16,494,순대국 좋아하는데 이런 맛집이 있었다니!
2024-02-21,2024-02-24,한식,3,269,숨은 맛집 소개 감사합니다!
2024-03-14,2024-03-17,양식,20,496,파스타 비주얼 미쳤네요… 다음 주말에 가볼게요!
2024-05-15,2024-05-17,한식,19,354,항상 믿고 보는 맛집 채널입니다 👍
2024-06-17,2024-06-20,한식,10,320,다음에는 용산 다른 맛집도 소개해주세요!
2024-10-04,2024-10-04,양식,19,35,용산 맛집 찾고 있었는데 감사합니다!
2024-02-16,2024-02-19,한식,3,389,영상 퀄리티도 좋고 정보도 좋아요.
2024-03-26,2024-03-28,한식,0,23,여기 예전에 가봤는데 또 가고 싶네요. 떡볶이 최고!
2024-07-02,2024-07-04,한식,13,74,종로 맛집 찾고 있었는데 감사합니다!
2024-10-16,2024-10-17,양식,5,89,영상 보고 바로 저장했습니다. 버거 먹으러 잠실 가야겠어요.
2024-07-14,2024-07-15,남미,15,467,타코 좋아하는데 이런 맛집이 있었다니!
2024-08-24,2024-08-26,한식,14,130,영상 퀄리티도 좋고 정보도 좋아요.
2024-08-26,2024-08-28,한식,17,80,영상 보고 바로 저장했습니다. 삼겹살 먹으러 서촌 가야겠어요.
2024-10-27,2024-10-29,양식,20,492,항상 믿고 보는 맛집 채널입니다 👍
2024-06-03,2024-06-04,한식,12,436,가격도 괜찮아 보이네요. 건대 갈 때 들러야겠어요.
2024-07-14,2024-07-16,한식,18,151,다음에는 이태원 다른 맛집도 소개해주세요!
2024-07-21,2024-07-23,한식,0,289,오늘 저녁 메뉴는 족발로 결정했습니다.
2024-09-11,2024-09-13,한식,7,310,여기 줄 서나요? 너무 맛있어 보입니다.
2024-04-07,2024-04-09,일식,4,321,영상 보고 바로 저장했습니다. 라멘 먹으러 이태원 가야겠어요.
2024-08-13,2024-08-13,한식,18,186,다음에는 종로 다른 맛집도 소개해주세요!
2024-05-31,2024-06-02,한식,13,89,강남 맛집 찾고 있었는데 감사합니다!
2024-10-03,2024-10-05,한식,16,256,숨은 맛집 소개 감사합니다!
2024-03-25,2024-03-27,한식,15,495,여기 줄 서나요? 너무 맛있어 보입니다.
2024-06-22,2024-06-22,한식,14,493,영상 보고 바로 저장했습니다. 족발 먹으러 압구정 가야겠어요.
2024-04-25,2024-04-28,한식,17,187,영상 보고 바로 저장했습니다. 순대국 먹으러 여의도 가야겠어요.
2024-05-15,2024-05-15,일식,14,188,영상 퀄리티도 좋고 정보도 좋아요.
2024-07-14,2024-07-16,한식,3,345,망원 맛집 찾고 있었는데 감사합니다!
2024-10-14,2024-10-16,양식,19,113,영상 퀄리티도 좋고 정보도 좋아요.
2024-08-25,2024-08-27,한식,20,209,영상 보고 바로 저장했습니다. 치킨 먹으러 합정 가야겠어요.
2024-01-20,2024-01-22,한식,15,59,영상 보고 바로 저장했습니다. 순대국 먹으러 홍대 가야겠어요.
2024-10-02,2024-10-03,한식,12,232,여기 예전에 가봤는데 또 가고 싶네요. 냉면 최고!
2024-10-27,2024-10-28,중식,13,335,영상 보고 바로 저장했습니다. 마라탕 먹으러 잠실 가야겠어요.
2024-07-27,2024-07-29,양식,1,353,여기 예전에 가봤는데 또 가고 싶네요. 피자 최고!
2024-08-15,2024-08-16,한식,11,50,영상 퀄리티도 좋고 정보도 좋아요.
2024-07-02,2024-07-02,일식,12,141,신촌 맛집 찾고 있었는데 감사합니다!
2024-08-20,2024-08-20,한식,6,328,영상 퀄리티도 좋고 정보도 좋아요.
2024-01-26,2024-01-28,남미,7,64,여기 줄 서나요? 너무 맛있어 보입니다.
2024-02-05,2024-02-06,동남아,18,110,오늘 저녁 메뉴는 쌀국수로 결정했습니다.
2024-03-16,2024-03-16,한식,8,439,냉면 비주얼 미쳤네요… 다음 주말에 가볼게요!
2024-05-08,2024-05-09,한식,3,338,오늘 저녁 메뉴는 순대국로 결정했습니다.
2024-01-08,2024-01-10,한식,7,301,여기 예전에 가봤는데 또 가고 싶네요. 삼겹살 최고!
2024-05-15,2024-05-15,한식,4,379,항상 믿고 보는 맛집 채널입니다 👍
2024-02-02,2024-02-05,양식,14,398,여기 예전에 가봤는데 또 가고 싶네요. 버거 최고!
2024-02-25,2024-02-28,양식,16,113,버거 좋아하는데 이런 맛집이 있었다니!
2024-09-23,2024-09-25,한식,14,329,압구정 가면 여기 꼭 가봐야겠네요! 김치찌개 진짜 맛있어 보입니다.
2024-07-24,2024-07-27,한식,3,251,다음에는 건대 다른 맛집도 소개해주세요!
2024-02-11,2024-02-13,양식,19,75,영상 보고 바로 저장했습니다. 파스타 먹으러 강남 가야겠어요.
2024-10-26,2024-10-28,한식,12,305,이 채널 때문에 다이어트 포기합니다 😂
2024-09-15,2024-09-18,한식,3,406,다음에는 건대 다른 맛집도 소개해주세요!
2024-10-09,2024-10-10,한식,13,231,숨은 맛집 소개 감사합니다!
2024-06-22,2024-06-25,한식,12,212,다음에는 잠실 다른 맛집도 소개해주세요!
2024-08-06,2024-08-08,한식,8,191,떡볶이 비주얼 미쳤네요… 다음 주말에 가볼게요!
2024-02-16,2024-02-16,양식,2,221,영상 보고 바로 저장했습니다. 피자 먹으러 강남 가야겠어요.
2024-03-07,2024-03-07,일식,18,489,이 채널 때문에 다이어트 포기합니다 😂
2024-03-03,2024-03-06,중식,11,447,영상 퀄리티도 좋고 정보도 좋아요.
2024-01-27,2024-01-29,일식,19,159,여기 예전에 가봤는데 또 가고 싶네요. 돈까스 최고!
2024-09-16,2024-09-17,한식,4,336,가격도 괜찮아 보이네요. 망원 갈 때 들러야겠어요.
2024-02-25,2024-02-27,한식,17,188,영상 보고 바로 저장했습니다. 냉면 먹으러 용산 가야겠어요.
2024-04-25,2024-04-28,한식,17,498,여기 줄 서나요? 너무 맛있어 보입니다.
2024-10-12,2024-10-12,남미,19,475,영상 퀄리티도 좋고 정보도 좋아요.
2024-04-02,2024-04-04,한식,9,471,여기 예전에 가봤는데 또 가고 싶네요. 칼국수 최고!
2024-04-02,2024-04-03,일식,18,336,항상 믿고 보는 맛집 채널입니다 👍
2024-01-16,2024-01-16,한식,16,110,항상 믿고 보는 맛집 채널입니다 👍
2024-06-23,2024-06-24,일식,11,159,다음에는 건대 다른 맛집도 소개해주세요!
2024-10-17,2024-10-17,한식,1,79,보쌈 비주얼 미쳤네요… 다음 주말에 가볼게요!
2024-02-11,2024-02-13,남미,14,338,항상 믿고 보는 맛집 채널입니다 👍
2024-08-14,2024-08-17,양식,8,110,여기 줄 서나요? 너무 맛있어 보입니다.
2024-06-25,2024-06-28,양식,3,145,영상 퀄리티도 좋고 정보도 좋아요.
2024-09-26,2024-09-28,동남아,1,112,항상 믿고 보는 맛집 채널입니다 👍
2024-01-04,2024-01-05,남미,9,484,홍대 맛집 찾고 있었는데 감사합니다!
2024-05-10,2024-05-12,한식,10,61,여의도 가면 여기 꼭 가봐야겠네요! 순대국 진짜 맛있어 보입니다.
2024-08-08,2024-08-09,양식,4,194,이 채널 때문에 다이어트 포기합니다 😂
2024-10-13,2024-10-15,한식,2,203,오늘 저녁 메뉴는 냉면로 결정했습니다.
2024-01-10,2024-01-13,한식,2,441,여기 예전에 가봤는데 또 가고 싶네요. 김치찌개 최고!
2024-10-20,2024-10-23,동남아,20,213,와 쌀국수 진짜 맛있어 보이네요. 침 고입니다.
2024-01-11,2024-01-13,한식,5,410,떡볶이 좋아하는데 이런 맛집이 있었다니!
2024-07-04,2024-07-04,양식,13,432,영상 보고 바로 저장했습니다. 파스타 먹으러 용산 가야겠어요.
2024-07-24,2024-07-24,한식,12,445,와 냉면 진짜 맛있어 보이네요. 침 고입니다.
2024-06-19,2024-06-20,한식,2,261,영상 퀄리티도 좋고 정보도 좋아요.
2024-09-18,2024-09-19,한식,11,179,다음에는 신촌 다른 맛집도 소개해주세요!
2024-02-22,2024-02-23,한식,8,101,순대국 비주얼 미쳤네요… 다음 주말에 가볼게요!
2024-02-08,2024-02-09,남미,20,252,가격도 괜찮아 보이네요. 성수 갈 때 들러야겠어요.
2024-10-23,2024-10-26,동남아,18,329,영상 퀄리티도 좋고 정보도 좋아요.
2024-06-10,2024-06-11,남미,14,34,가격도 괜찮아 보이네요. 을지로 갈 때 들러야겠어요.
2024-06-04,2024-06-06,양식,18,28,여기 예전에 가봤는데 또 가고 싶네요. 파스타 최고!
2024-06-07,2024-06-10,양식,14,19,강남 가면 여기 꼭 가봐야겠네요! 버거 진짜 맛있어 보입니다.
2024-05-26,2024-05-26,일식,20,442,오늘 저녁 메뉴는 라멘로 결정했습니다.
2024-09-16,2024-09-19,한식,14,297,이 채널 때문에 다이어트 포기합니다 😂
2024-10-19,2024-10-20,한식,10,309,가격도 괜찮아 보이네요. 건대 갈 때 들러야겠어요.
2024-02-01,2024-02-04,양식,3,415,숨은 맛집 소개 감사합니다!
2024-02-13,2024-02-14,한식,1,126,다음에는 압구정 다른 맛집도 소개해주세요!
2024-09-25,2024-09-26,양식,11,190,숨은 맛집 소개 감사합니다!
2024-07-28,2024-07-30,한식,19,26,여기 줄 서나요? 너무 맛있어 보입니다.
2024-06-17,2024-06-17,한식,17,347,항상 믿고 보는 맛집 채널입니다 👍
2024-03-17,2024-03-19,한식,2,298,영상 퀄리티도 좋고 정보도 좋아요.
2024-06-28,2024-06-30,한식,20,357,영상 퀄리티도 좋고 정보도 좋아요.
2024-02-13,2024-02-15,일식,17,192,영상 퀄리티도 좋고 정보도 좋아요.
2024-03-06,2024-03-06,한식,20,343,항상 믿고 보는 맛집 채널입니다 👍
2024-01-10,2024-01-12,양식,9,92,을지로 맛집 찾고 있었는데 감사합니다!
2024-09-05,2024-09-06,한식,7,70,보쌈 비주얼 미쳤네요… 다음 주말에 가볼게요!
2024-02-21,2024-02-21,한식,10,448,여기 줄 서나요? 너무 맛있어 보입니다.
2024-07-11,2024-07-12,남미,5,92,오늘 저녁 메뉴는 타코로 결정했습니다.
2024-03-25,2024-03-28,남미,1,210,여기 예전에 가봤는데 또 가고 싶네요. 타코 최고!
2024-05-25,2024-05-28,한식,7,273,건대 맛집 찾고 있었는데 감사합니다!
2024-08-28,2024-08-29,한식,11,347,족발 좋아하는데 이런 맛집이 있었다니!
2024-05-24,2024-05-27,양식,16,270,항상 믿고 보는 맛집 채널입니다 👍
2024-04-12,2024-04-13,한식,8,26,영상 퀄리티도 좋고 정보도 좋아요.
2024-07-09,2024-07-09,양식,16,435,영상 보고 바로 저장했습니다. 피자 먹으러 용산 가야겠어요.
2024-03-23,2024-03-25,한식,14,463,이 채널 때문에 다이어트 포기합니다 😂
2024-08-11,2024-08-11,한식,7,418,가격도 괜찮아 보이네요. 용산 갈 때 들러야겠어요.
2024-01-14,2024-01-17,일식,1,202,이 채널 때문에 다이어트 포기합니다 😂
2024-07-16,2024-07-16,일식,11,114,이태원 가면 여기 꼭 가봐야겠네요! 라멘 진짜 맛있어 보입니다.
2024-02-20,2024-02-22,한식,4,70,서촌 가면 여기 꼭 가봐야겠네요! 보쌈 진짜 맛있어 보입니다.
2024-08-29,2024-08-30,한식,15,229,족발 좋아하는데 이런 맛집이 있었다니!
2024-02-10,2024-02-10,한식,8,110,오늘 저녁 메뉴는 삼겹살로 결정했습니다.
2024-09-27,2024-09-30,한식,3,397,와 순대국 진짜 맛있어 보이네요. 침 고입니다.
2024-03-03,2024-03-03,한식,7,214,영상 퀄리티도 좋고 정보도 좋아요.
2024-02-02,2024-02-02,남미,15,305,이 채널 때문에 다이어트 포기합니다 😂
2024-09-20,2024-09-21,한식,4,149,항상 믿고 보는 맛집 채널입니다 👍
2024-06-29,2024-06-30,한식,18,213,삼겹살 비주얼 미쳤네요… 다음 주말에 가볼게요!
2024-07-03,2024-07-03,한식,16,278,이 채널 때문에 다이어트 포기합니다 😂
2024-01-11,2024-01-14,양식,15,22,영상 퀄리티도 좋고 정보도 좋아요.
2024-05-09,2024-05-09,일식,11,403,영상 보고 바로 저장했습니다. 초밥 먹으러 을지로 가야겠어요.
2024-02-23,2024-02-25,일식,4,22,여기 예전에 가봤는데 또 가고 싶네요. 라멘 최고!
2024-03-30,2024-04-02,중식,15,323,마라탕 비주얼 미쳤네요… 다음 주말에 가볼게요!
2024-08-22,2024-08-22,한식,9,103,강남 가면 여기 꼭 가봐야겠네요! 순대국 진짜 맛있어 보입니다.
2024-01-22,2024-01-24,한식,9,263,항상 믿고 보는 맛집 채널입니다 👍
2024-05-09,2024-05-09,중식,20,97,와 마라탕 진짜 맛있어 보이네요. 침 고입니다.
2024-01-25,2024-01-27,일식,8,63,여기 줄 서나요? 너무 맛있어 보입니다.
2024-07-23,2024-07-26,일식,12,173,라멘 비주얼 미쳤네요… 다음 주말에 가볼게요!
2024-09-11,2024-09-13,양식,16,136,여기 줄 서나요? 너무 맛있어 보입니다.
2024-08-05,2024-08-05,한식,13,308,오늘 저녁 메뉴는 치킨로 결정했습니다.
2024-05-30,2024-06-01,한식,3,40,여기 예전에 가봤는데 또 가고 싶네요. 곱창 최고!
2024-08-16,2024-08-19,한식,5,353,가격도 괜찮아 보이네요. 종로 갈 때 들러야겠어요.
2024-01-22,2024-01-24,일식,19,222,와 라멘 진짜 맛있어 보이네요. 침 고입니다.
2024-07-26,2024-07-28,한식,16,410,다음에는 강남 다른 맛집도 소개해주세요!
2024-03-14,2024-03-17,한식,1,64,영상 보고 바로 저장했습니다. 곱창 먹으러 홍대 가야겠어요.
2024-07-06,2024-07-08,한식,12,486,냉면 좋아하는데 이런 맛집이 있었다니!
2024-03-19,2024-03-22,한식,11,190,가격도 괜찮아 보이네요. 망원 갈 때 들러야겠어요.
2024-03-11,2024-03-13,한식,12,160,영상 퀄리티도 좋고 정보도 좋아요.
2024-02-28,2024-02-28,한식,5,255,이 채널 때문에 다이어트 포기합니다 😂
2024-10-14,2024-10-14,일식,8,396,와 초밥 진짜 맛있어 보이네요. 침 고입니다.
2024-05-26,2024-05-29,양식,6,62,파스타 비주얼 미쳤네요… 다음 주말에 가볼게요!
2024-03-29,2024-04-01,한식,2,414,영상 퀄리티도 좋고 정보도 좋아요.
2024-06-26,2024-06-26,한식,17,277,와 보쌈 진짜 맛있어 보이네요. 침 고입니다.
2024-03-21,2024-03-22,한식,11,260,용산 맛집 찾고 있었는데 감사합니다!
2024-03-12,2024-03-13,한식,15,13,여기 예전에 가봤는데 또 가고 싶네요. 떡볶이 최고!
2024-07-07,2024-07-10,중식,17,66,마라탕 좋아하는데 이런 맛집이 있었다니!
2024-06-07,2024-06-10,한식,15,269,항상 믿고 보는 맛집 채널입니다 👍
2024-10-21,2024-10-21,일식,4,497,여기 예전에 가봤는데 또 가고 싶네요. 돈까스 최고!
2024-08-26,2024-08-28,한식,4,449,오늘 저녁 메뉴는 치킨로 결정했습니다.
2024-10-27,2024-10-28,중식,4,221,이 채널 때문에 다이어트 포기합니다 😂
2024-03-04,2024-03-05,한식,9,84,김치찌개 비주얼 미쳤네요… 다음 주말에 가볼게요!
2024-04-25,2024-04-27,한식,16,458,와 보쌈 진짜 맛있어 보이네요. 침 고입니다.
2024-04-10,2024-04-12,한식,4,320,와 치킨 진짜 맛있어 보이네요. 침 고입니다.
2024-02-17,2024-02-18,남미,18,482,타코 좋아하는데 이런 맛집이 있었다니!
2024-06-21,2024-06-21,한식,0,41,성수 가면 여기 꼭 가봐야겠네요! 순대국 진짜 맛있어 보입니다.
2024-04-17,2024-04-20,동남아,19,327,종로 가면 여기 꼭 가봐야겠네요! 쌀국수 진짜 맛있어 보입니다.
2024-10-06,2024-10-08,양식,20,489,와 피자 진짜 맛있어 보이네요. 침 고입니다.
2024-07-26,2024-07-28,양식,14,37,다음에는 이태원 다른 맛집도 소개해주세요!
2024-08-13,2024-08-16,한식,15,237,성수 맛집 찾고 있었는데 감사합니다!
2024-03-14,2024-03-16,한식,10,375,오늘 저녁 메뉴는 보쌈로 결정했습니다.
2024-03-07,2024-03-09,일식,16,287,영상 보고 바로 저장했습니다. 라멘 먹으러 잠실 가야겠어요.
2024-08-26,2024-08-26,한식,8,230,이태원 맛집 찾고 있었는데 감사합니다!
2024-01-26,2024-01-28,한식,12,442,순대국 좋아하는데 이런 맛집이 있었다니!
2024-03-22,2024-03-24,일식,18,369,여기 예전에 가봤는데 또 가고 싶네요. 돈까스 최고!
2024-03-22,2024-03-25,한식,16,239,가격도 괜찮아 보이네요. 여의도 갈 때 들러야겠어요.
2024-01-12,2024-01-12,한식,12,258,가격도 괜찮아 보이네요. 건대 갈 때 들러야겠어요.
2024-10-25,2024-10-27,한식,1,25,와 냉면 진짜 맛있어 보이네요. 침 고입니다.
2024-08-28,2024-08-30,양식,17,4,오늘 저녁 메뉴는 피자로 결정했습니다.
2024-03-09,2024-03-11,한식,11,391,항상 믿고 보는 맛집 채널입니다 👍
2024-07-24,2024-07-24,일식,18,287,홍대 맛집 찾고 있었는데 감사합니다!
2024-05-27,2024-05-27,일식,12,258,가격도 괜찮아 보이네요. 신촌 갈 때 들러야겠어요.
2024-03-01,2024-03-02,중식,3,201,여기 예전에 가봤는데 또 가고 싶네요. 마라탕 최고!
2024-07-06,2024-07-07,한식,6,308,이 채널 때문에 다이어트 포기합니다 😂
2024-01-21,2024-01-21,일식,1,70,다음에는 신촌 다른 맛집도 소개해주세요!
2024-08-30,2024-09-02,한식,4,310,숨은 맛집 소개 감사합니다!
2024-06-16,2024-06-18,양식,5,201,버거 좋아하는데 이런 맛집이 있었다니!
2024-06-21,2024-06-24,한식,18,153,가격도 괜찮아 보이네요. 망원 갈 때 들러야겠어요.
2024-06-18,2024-06-18,한식,13,298,와 삼겹살 진짜 맛있어 보이네요. 침 고입니다.
2024-08-30,2024-09-01,한식,20,400,여기 줄 서나요? 너무 맛있어 보입니다.
2024-04-26,2024-04-26,동남아,18,245,쌀국수 비주얼 미쳤네요… 다음 주말에 가볼게요!
2024-07-13,2024-07-14,양식,7,16,버거 좋아하는데 이런 맛집이 있었다니!
2024-01-10,2024-01-13,한식,10,214,떡볶이 비주얼 미쳤네요… 다음 주말에 가볼게요!
2024-04-14,2024-04-17,일식,16,396,돈까스 좋아하는데 이런 맛집이 있었다니!
2024-02-01,2024-02-02,양식,16,106,이 채널 때문에 다이어트 포기합니다 😂
2024-09-01,2024-09-04,한식,10,489,보쌈 비주얼 미쳤네요… 다음 주말에 가볼게요!
2024-09-29,2024-10-01,양식,17,181,영상 퀄리티도 좋고 정보도 좋아요.
2024-09-04,2024-09-05,한식,7,142,이 채널 때문에 다이어트 포기합니다 😂
2024-06-01,2024-06-03,한식,6,353,다음에는 이태원 다른 맛집도 소개해주세요!
2024-09-02,2024-09-04,양식,17,478,숨은 맛집 소개 감사합니다!
2024-03-03,2024-03-06,한식,12,419,여기 예전에 가봤는데 또 가고 싶네요. 칼국수 최고!
2024-01-22,2024-01-24,한식,2,177,숨은 맛집 소개 감사합니다!
2024-05-11,2024-05-14,양식,6,103,오늘 저녁 메뉴는 파스타로 결정했습니다.
2024-10-14,2024-10-16,중식,4,55,마라탕 좋아하는데 이런 맛집이 있었다니!
2024-05-04,2024-05-04,동남아,16,115,영상 퀄리티도 좋고 정보도 좋아요.
2024-02-21,2024-02-24,한식,10,367,가격도 괜찮아 보이네요. 홍대 갈 때 들러야겠어요.
2024-03-11,2024-03-11,한식,17,500,숨은 맛집 소개 감사합니다!
2024-08-31,2024-09-03,한식,20,102,여기 줄 서나요? 너무 맛있어 보입니다.
2024-05-26,2024-05-26,한식,2,333,족발 좋아하는데 이런 맛집이 있었다니!
2024-01-20,2024-01-21,한식,13,451,오늘 저녁 메뉴는 냉면로 결정했습니다.
2024-01-19,2024-01-22,한식,15,95,숨은 맛집 소개 감사합니다!
2024-01-20,2024-01-20,한식,9,290,족발 좋아하는데 이런 맛집이 있었다니!
2024-06-20,2024-06-22,한식,14,328,이 채널 때문에 다이어트 포기합니다 😂
2024-03-09,2024-03-12,양식,8,98,여기 줄 서나요? 너무 맛있어 보입니다.
2024-03-24,2024-03-27,한식,20,131,다음에는 을지로 다른 맛집도 소개해주세요!
2024-06-21,2024-06-23,한식,18,345,여기 줄 서나요? 너무 맛있어 보입니다.
2024-07-26,2024-07-29,한식,16,167,영상 보고 바로 저장했습니다. 갈비 먹으러 성수 가야겠어요.
2024-02-18,2024-02-19,일식,4,244,여기 예전에 가봤는데 또 가고 싶네요. 초밥 최고!
2024-05-13,2024-05-16,한식,7,228,여기 줄 서나요? 너무 맛있어 보입니다.
2024-06-03,2024-06-03,한식,8,334,여기 예전에 가봤는데 또 가고 싶네요. 칼국수 최고!
2024-03-01,2024-03-04,한식,9,81,항상 믿고 보는 맛집 채널입니다 👍
2024-06-08,2024-06-08,양식,20,469,와 버거 진짜 맛있어 보이네요. 침 고입니다.
2024-04-23,2024-04-24,일식,4,244,라멘 비주얼 미쳤네요… 다음 주말에 가볼게요!
2024-07-10,2024-07-13,양식,17,467,가격도 괜찮아 보이네요. 압구정 갈 때 들러야겠어요.
2024-04-21,2024-04-22,중식,19,447,여기 줄 서나요? 너무 맛있어 보입니다.
2024-08-16,2024-08-18,한식,2,469,치킨 좋아하는데 이런 맛집이 있었다니!
2024-10-07,2024-10-08,한식,18,274,떡볶이 비주얼 미쳤네요… 다음 주말에 가볼게요!
2024-09-23,2024-09-26,한식,3,348,을지로 맛집 찾고 있었는데 감사합니다!
2024-02-16,2024-02-19,동남아,1,232,쌀국수 비주얼 미쳤네요… 다음 주말에 가볼게요!
2024-08-21,2024-08-21,양식,17,236,영상 퀄리티도 좋고 정보도 좋아요.
2024-01-12,2024-01-15,한식,8,418,압구정 가면 여기 꼭 가봐야겠네요! 족발 진짜 맛있어 보입니다.
2024-02-07,2024-02-07,한식,13,176,다음에는 망원 다른 맛집도 소개해주세요!
2024-01-31,2024-01-31,한식,15,16,와 치킨 진짜 맛있어 보이네요. 침 고입니다.
2024-03-10,2024-03-13,일식,11,456,항상 믿고 보는 맛집 채널입니다 👍
2024-07-12,2024-07-15,양식,2,349,영상 퀄리티도 좋고 정보도 좋아요.
2024-06-27,2024-06-27,중식,5,275,항상 믿고 보는 맛집 채널입니다 👍
2024-04-24,2024-04-24,양식,0,500,와 버거 진짜 맛있어 보이네요. 침 고입니다.
2024-10-05,2024-10-08,양식,17,194,오늘 저녁 메뉴는 파스타로 결정했습니다.
2024-08-23,2024-08-25,한식,4,141,이태원 맛집 찾고 있었는데 감사합니다!
2024-08-02,2024-08-02,한식,7,105,영상 보고 바로 저장했습니다. 떡볶이 먹으러 홍대 가야겠어요.
2024-01-18,2024-01-21,한식,19,344,다음에는 망원 다른 맛집도 소개해주세요!
2024-01-23,2024-01-26,한식,14,119,이 채널 때문에 다이어트 포기합니다 😂
2024-01-29,2024-01-30,한식,16,148,여의도 맛집 찾고 있었는데 감사합니다!
2024-10-22,2024-10-24,동남아,7,154,숨은 맛집 소개 감사합니다!
2024-09-23,2024-09-24,한식,13,153,와 순대국 진짜 맛있어 보이네요. 침 고입니다.
2024-03-30,2024-04-02,한식,17,253,신촌 가면 여기 꼭 가봐야겠네요! 김치찌개 진짜 맛있어 보입니다.
2024-07-14,2024-07-16,일식,13,209,라멘 비주얼 미쳤네요… 다음 주말에 가볼게요!
2024-04-04,2024-04-07,한식,7,434,잠실 맛집 찾고 있었는데 감사합니다!
2024-03-14,2024-03-17,한식,1,287,항상 믿고 보는 맛집 채널입니다 👍
2024-09-28,2024-09-29,일식,12,124,와 돈까스 진짜 맛있어 보이네요. 침 고입니다.
2024-02-10,2024-02-13,한식,11,47,이 채널 때문에 다이어트 포기합니다 😂
2024-05-17,2024-05-20,한식,19,308,홍대 가면 여기 꼭 가봐야겠네요! 갈비 진짜 맛있어 보입니다.
2024-10-27,2024-10-28,한식,15,106,오늘 저녁 메뉴는 치킨로 결정했습니다.
2024-01-08,2024-01-09,한식,6,492,다음에는 종로 다른 맛집도 소개해주세요!
2024-09-02,2024-09-03,한식,19,360,압구정 맛집 찾고 있었는데 감사합니다!
2024-05-02,2024-05-04,일식,9,194,가격도 괜찮아 보이네요. 서촌 갈 때 들러야겠어요.
2024-07-02,2024-07-04,중식,8,184,이 채널 때문에 다이어트 포기합니다 😂
2024-02-20,2024-02-23,양식,10,468,건대 맛집 찾고 있었는데 감사합니다!
2024-07-30,2024-07-30,일식,18,442,을지로 맛집 찾고 있었는데 감사합니다!
2024-05-13,2024-05-16,한식,9,78,홍대 맛집 찾고 있었는데 감사합니다!
2024-07-13,2024-07-14,한식,15,281,영상 퀄리티도 좋고 정보도 좋아요.
2024-09-07,2024-09-10,한식,14,86,다음에는 종로 다른 맛집도 소개해주세요!
2024-03-12,2024-03-15,일식,5,469,숨은 맛집 소개 감사합니다!
2024-01-31,2024-01-31,중식,2,483,오늘 저녁 메뉴는 마라탕로 결정했습니다.
2024-01-04,2024-01-07,한식,4,431,영상 퀄리티도 좋고 정보도 좋아요.
2024-03-18,2024-03-18,한식,6,258,가격도 괜찮아 보이네요. 강남 갈 때 들러야겠어요.
2024-09-04,2024-09-07,일식,0,3,이 채널 때문에 다이어트 포기합니다 😂
2024-01-07,2024-01-07,중식,16,369,와 마라탕 진짜 맛있어 보이네요. 침 고입니다.
2024-01-09,2024-01-12,중식,5,54,숨은 맛집 소개 감사합니다!
2024-03-17,2024-03-18,한식,6,317,이 채널 때문에 다이어트 포기합니다 😂
2024-06-30,2024-07-02,한식,12,40,여기 예전에 가봤는데 또 가고 싶네요. 칼국수 최고!
2024-10-16,2024-10-17,일식,7,153,영상 퀄리티도 좋고 정보도 좋아요.
2024-01-17,2024-01-17,한식,12,194,항상 믿고 보는 맛집 채널입니다 👍
2024-01-29,2024-01-29,중식,5,42,가격도 괜찮아 보이네요. 건대 갈 때 들러야겠어요.
2024-06-18,2024-06-18,일식,16,470,합정 가면 여기 꼭 가봐야겠네요! 돈까스 진짜 맛있어 보입니다.
2024-10-17,2024-10-20,한식,8,23,숨은 맛집 소개 감사합니다!
2024-05-23,2024-05-23,한식,5,475,오늘 저녁 메뉴는 치킨로 결정했습니다.
2024-04-16,2024-04-17,한식,12,475,영상 보고 바로 저장했습니다. 보쌈 먹으러 홍대 가야겠어요.
2024-10-15,2024-10-16,한식,18,427,오늘 저녁 메뉴는 족발로 결정했습니다.
2024-10-03,2024-10-05,일식,12,386,다음에는 합정 다른 맛집도 소개해주세요!
2024-02-10,2024-02-12,한식,1,50,항상 믿고 보는 맛집 채널입니다 👍
2024-02-08,2024-02-10,한식,19,393,냉면 좋아하는데 이런 맛집이 있었다니!
2024-06-16,2024-06-16,남미,20,139,여기 줄 서나요? 너무 맛있어 보입니다.
2024-04-26,2024-04-28,양식,17,481,항상 믿고 보는 맛집 채널입니다 👍
2024-10-26,2024-10-29,일식,2,395,돈까스 좋아하는데 이런 맛집이 있었다니!
2024-05-06,2024-05-06,한식,2,137,족발 비주얼 미쳤네요… 다음 주말에 가볼게요!
2024-03-19,2024-03-22,일식,10,184,영상 보고 바로 저장했습니다. 초밥 먹으러 압구정 가야겠어요.
2024-06-06,2024-06-09,한식,11,389,와 치킨 진짜 맛있어 보이네요. 침 고입니다.
2024-02-14,2024-02-15,한식,13,229,이 채널 때문에 다이어트 포기합니다 😂
2024-07-27,2024-07-27,중식,0,45,여기 예전에 가봤는데 또 가고 싶네요. 마라탕 최고!
2024-06-15,2024-06-18,중식,0,149,항상 믿고 보는 맛집 채널입니다 👍
2024-02-13,2024-02-14,일식,18,266,초밥 비주얼 미쳤네요… 다음 주말에 가볼게요!
2024-03-12,2024-03-14,일식,9,137,가격도 괜찮아 보이네요. 성수 갈 때 들러야겠어요.
2024-03-26,2024-03-29,한식,8,215,와 순대국 진짜 맛있어 보이네요. 침 고입니다.
2024-02-09,2024-02-11,양식,8,483,여의도 맛집 찾고 있었는데 감사합니다!
2024-04-10,2024-04-13,양식,3,69,와 피자 진짜 맛있어 보이네요. 침 고입니다.
2024-06-19,2024-06-22,한식,10,225,여기 예전에 가봤는데 또 가고 싶네요. 삼겹살 최고!
2024-03-10,2024-03-12,일식,10,308,다음에는 용산 다른 맛집도 소개해주세요!
2024-06-09,2024-06-10,한식,12,495,여기 예전에 가봤는데 또 가고 싶네요. 갈비 최고!
2024-09-08,2024-09-09,한식,10,192,와 족발 진짜 맛있어 보이네요. 침 고입니다.
2024-02-28,2024-02-29,일식,18,279,초밥 비주얼 미쳤네요… 다음 주말에 가볼게요!
2024-08-24,2024-08-25,중식,14,408,와 마라탕 진짜 맛있어 보이네요. 침 고입니다.
2024-07-28,2024-07-31,한식,4,324,와 치킨 진짜 맛있어 보이네요. 침 고입니다.
2024-03-19,2024-03-22,한식,12,37,가격도 괜찮아 보이네요. 종로 갈 때 들러야겠어요.
2024-10-25,2024-10-28,남미,17,259,숨은 맛집 소개 감사합니다!
2024-01-19,2024-01-21,일식,17,304,영상 퀄리티도 좋고 정보도 좋아요.
2024-05-07,2024-05-09,한식,5,331,치킨 좋아하는데 이런 맛집이 있었다니!
2024-07-23,2024-07-25,한식,13,54,망원 가면 여기 꼭 가봐야겠네요! 김치찌개 진짜 맛있어 보입니다.
2024-04-23,2024-04-24,한식,14,191,항상 믿고 보는 맛집 채널입니다 👍
2024-09-13,2024-09-14,양식,11,12,가격도 괜찮아 보이네요. 여의도 갈 때 들러야겠어요.
2024-07-31,2024-07-31,한식,3,425,다음에는 종로 다른 맛집도 소개해주세요!
2024-06-08,2024-06-10,한식,14,401,을지로 맛집 찾고 있었는데 감사합니다!
2024-06-27,2024-06-30,양식,3,224,다음에는 건대 다른 맛집도 소개해주세요!
2024-02-04,2024-02-06,양식,1,414,다음에는 을지로 다른 맛집도 소개해주세요!
2024-06-24,2024-06-24,한식,5,476,다음에는 홍대 다른 맛집도 소개해주세요!
2024-03-30,2024-03-31,한식,10,286,항상 믿고 보는 맛집 채널입니다 👍
2024-07-26,2024-07-27,양식,5,327,영상 퀄리티도 좋고 정보도 좋아요.
2024-01-15,2024-01-16,일식,14,303,항상 믿고 보는 맛집 채널입니다 👍
2024-04-19,2024-04-20,일식,8,385,다음에는 홍대 다른 맛집도 소개해주세요!
2024-02-22,2024-02-23,한식,11,166,망원 맛집 찾고 있었는데 감사합니다!
2024-05-14,2024-05-17,양식,16,494,영상 퀄리티도 좋고 정보도 좋아요.
2024-07-17,2024-07-20,한식,18,58,여기 예전에 가봤는데 또 가고 싶네요. 보쌈 최고!
2024-08-22,2024-08-23,일식,9,470,라멘 좋아하는데 이런 맛집이 있었다니!
2024-03-09,2024-03-11,동남아,3,122,와 쌀국수 진짜 맛있어 보이네요. 침 고입니다.
2024-07-10,2024-07-11,한식,16,198,항상 믿고 보는 맛집 채널입니다 👍
2024-10-21,2024-10-24,남미,13,95,가격도 괜찮아 보이네요. 성수 갈 때 들러야겠어요.
2024-03-29,2024-03-30,중식,15,147,마라탕 비주얼 미쳤네요… 다음 주말에 가볼게요!
2024-08-18,2024-08-18,한식,11,487,을지로 가면 여기 꼭 가봐야겠네요! 곱창 진짜 맛있어 보입니다.
2024-04-09,2024-04-12,양식,17,258,영상 퀄리티도 좋고 정보도 좋아요.
2024-09-08,2024-09-11,양식,14,250,피자 비주얼 미쳤네요… 다음 주말에 가볼게요!
2024-01-16,2024-01-17,한식,9,16,와 치킨 진짜 맛있어 보이네요. 침 고입니다.
2024-05-27,2024-05-28,한식,14,289,다음에는 신촌 다른 맛집도 소개해주세요!
2024-09-18,2024-09-18,양식,18,58,와 피자 진짜 맛있어 보이네요. 침 고입니다.
2024-07-06,2024-07-06,중식,14,279,용산 맛집 찾고 있었는데 감사합니다!
2024-05-06,2024-05-08,일식,1,230,와 돈까스 진짜 맛있어 보이네요. 침 고입니다.
2024-02-14,2024-02-17,일식,3,397,여기 줄 서나요? 너무 맛있어 보입니다.
2024-06-28,2024-07-01,한식,5,315,냉면 비주얼 미쳤네요… 다음 주말에 가볼게요!
2024-04-15,2024-04-15,한식,18,179,이 채널 때문에 다이어트 포기합니다 😂
2024-10-02,2024-10-03,한식,10,360,와 칼국수 진짜 맛있어 보이네요. 침 고입니다.
2024-05-16,2024-05-16,한식,4,492,여기 줄 서나요? 너무 맛있어 보입니다.
2024-01-31,2024-02-02,일식,20,64,다음에는 서촌 다른 맛집도 소개해주세요!
2024-03-15,2024-03-17,한식,7,389,오늘 저녁 메뉴는 순대국로 결정했습니다.
2024-03-13,2024-03-15,일식,20,212,항상 믿고 보는 맛집 채널입니다 👍
2024-02-17,2024-02-20,양식,16,383,와 파스타 진짜 맛있어 보이네요. 침 고입니다.
2024-09-06,2024-09-08,일식,18,1,오늘 저녁 메뉴는 라멘로 결정했습니다.
2024-08-22,2024-08-24,한식,2,407,이 채널 때문에 다이어트 포기합니다 😂
2024-08-07,2024-08-08,일식,15,137,여기 예전에 가봤는데 또 가고 싶네요. 초밥 최고!
2024-10-07,2024-10-08,한식,18,436,가격도 괜찮아 보이네요. 을지로 갈 때 들러야겠어요.
2024-01-25,2024-01-25,한식,3,320,여기 줄 서나요? 너무 맛있어 보입니다.
2024-03-04,2024-03-05,양식,14,233,홍대 가면 여기 꼭 가봐야겠네요! 파스타 진짜 맛있어 보입니다.
2024-03-08,2024-03-10,일식,5,447,숨은 맛집 소개 감사합니다!
2024-07-03,2024-07-05,한식,2,190,영상 퀄리티도 좋고 정보도 좋아요.
2024-07-21,2024-07-23,한식,7,219,영상 퀄리티도 좋고 정보도 좋아요.
2024-02-18,2024-02-18,한식,6,244,영상 보고 바로 저장했습니다. 치킨 먹으러 압구정 가야겠어요.
2024-04-25,2024-04-28,한식,0,4,다음에는 망원 다른 맛집도 소개해주세요!
2024-03-02,2024-03-05,한식,4,244,영상 보고 바로 저장했습니다. 보쌈 먹으러 용산 가야겠어요.
2024-02-15,2024-02-15,한식,3,160,여기 예전에 가봤는데 또 가고 싶네요. 냉면 최고!
2024-07-14,2024-07-15,한식,20,346,족발 비주얼 미쳤네요… 다음 주말에 가볼게요!
2024-10-15,2024-10-15,한식,19,332,치킨 비주얼 미쳤네요… 다음 주말에 가볼게요!
2024-04-19,2024-04-20,양식,13,315,영상 퀄리티도 좋고 정보도 좋아요.
2024-04-21,2024-04-21,양식,3,71,여기 줄 서나요? 너무 맛있어 보입니다.
2024-07-15,2024-07-17,한식,13,161,여기 줄 서나요? 너무 맛있어 보입니다.
2024-05-21,2024-05-21,한식,7,283,순대국 좋아하는데 이런 맛집이 있었다니!
2024-05-25,2024-05-25,남미,9,105,이 채널 때문에 다이어트 포기합니다 😂
2024-04-06,2024-04-09,남미,9,330,신촌 가면 여기 꼭 가봐야겠네요! 타코 진짜 맛있어 보입니다.
2024-07-16,2024-07-16,한식,7,255,영상 퀄리티도 좋고 정보도 좋아요.
2024-09-27,2024-09-27,남미,11,478,여기 예전에 가봤는데 또 가고 싶네요. 타코 최고!
2024-10-18,2024-10-21,한식,11,279,영상 퀄리티도 좋고 정보도 좋아요.
2024-08-29,2024-08-29,한식,0,300,영상 보고 바로 저장했습니다. 곱창 먹으러 여의도 가야겠어요.
2024-04-20,2024-04-20,한식,1,485,여기 줄 서나요? 너무 맛있어 보입니다.
2024-05-26,2024-05-29,일식,13,359,항상 믿고 보는 맛집 채널입니다 👍
2024-10-01,2024-10-02,한식,8,42,와 치킨 진짜 맛있어 보이네요. 침 고입니다.
2024-04-14,2024-04-15,한식,17,167,항상 믿고 보는 맛집 채널입니다 👍
2024-02-03,2024-02-05,동남아,13,373,오늘 저녁 메뉴는 쌀국수로 결정했습니다.
2024-05-05,2024-05-05,한식,13,59,가격도 괜찮아 보이네요. 홍대 갈 때 들러야겠어요.
2024-01-29,2024-01-31,남미,5,61,망원 가면 여기 꼭 가봐야겠네요! 타코 진짜 맛있어 보입니다.
2024-01-06,2024-01-07,한식,15,487,여기 예전에 가봤는데 또 가고 싶네요. 순대국 최고!
2024-05-12,2024-05-13,양식,11,64,다음에는 신촌 다른 맛집도 소개해주세요!
2024-03-01,2024-03-01,한식,10,413,항상 믿고 보는 맛집 채널입니다 👍
2024-02-02,2024-02-04,한식,18,321,영상 보고 바로 저장했습니다. 칼국수 먹으러 신촌 가야겠어요.
2024-09-18,2024-09-20,양식,1,255,오늘 저녁 메뉴는 피자로 결정했습니다.
2024-07-07,2024-07-08,동남아,8,395,영상 보고 바로 저장했습니다. 쌀국수 먹으러 성수 가야겠어요.
2024-02-29,2024-03-01,동남아,16,1,합정 가면 여기 꼭 가봐야겠네요! 쌀국수 진짜 맛있어 보입니다.
2024-01-24,2024-01-27,한식,11,196,숨은 맛집 소개 감사합니다!
2024-01-19,2024-01-22,한식,7,164,성수 맛집 찾고 있었는데 감사합니다!
2024-06-12,2024-06-14,일식,2,292,여기 예전에 가봤는데 또 가고 싶네요. 돈까스 최고!
2024-01-27,2024-01-28,한식,7,411,이 채널 때문에 다이어트 포기합니다 😂
2024-02-05,2024-02-08,한식,9,396,오늘 저녁 메뉴는 김치찌개로 결정했습니다.
2024-02-14,2024-02-17,한식,0,188,을지로 맛집 찾고 있었는데 감사합니다!
2024-06-04,2024-06-05,한식,14,188,족발 좋아하는데 이런 맛집이 있었다니!
2024-04-10,2024-04-11,양식,4,3,숨은 맛집 소개 감사합니다!
2024-04-29,2024-05-01,일식,20,429,다음에는 홍대 다른 맛집도 소개해주세요!
2024-01-01,2024-01-04,한식,9,53,을지로 맛집 찾고 있었는데 감사합니다!
2024-08-02,2024-08-05,양식,1,497,버거 비주얼 미쳤네요… 다음 주말에 가볼게요!
2024-01-23,2024-01-24,한식,16,211,다음에는 강남 다른 맛집도 소개해주세요!
2024-02-13,2024-02-13,일식,16,68,영상 퀄리티도 좋고 정보도 좋아요.
2024-10-17,2024-10-17,일식,13,339,초밥 비주얼 미쳤네요… 다음 주말에 가볼게요!
2024-05-13,2024-05-15,한식,12,358,오늘 저녁 메뉴는 냉면로 결정했습니다.
2024-08-19,2024-08-21,한식,7,38,을지로 맛집 찾고 있었는데 감사합니다!
2024-10-26,2024-10-26,한식,4,54,순대국 비주얼 미쳤네요… 다음 주말에 가볼게요!
2024-06-09,2024-06-12,양식,3,274,여기 예전에 가봤는데 또 가고 싶네요. 파스타 최고!
2024-06-06,2024-06-09,한식,8,436,영상 보고 바로 저장했습니다. 갈비 먹으러 건대 가야겠어요.
2024-06-04,2024-06-04,한식,6,427,오늘 저녁 메뉴는 치킨로 결정했습니다.
2024-02-16,2024-02-17,한식,11,202,이 채널 때문에 다이어트 포기합니다 😂
2024-06-02,2024-06-04,한식,5,15,항상 믿고 보는 맛집 채널입니다 👍
2024-10-08,2024-10-09,양식,3,236,영상 보고 바로 저장했습니다. 파스타 먹으러 신촌 가야겠어요.
2024-01-07,2024-01-07,한식,7,66,강남 맛집 찾고 있었는데 감사합니다!
2024-02-13,2024-02-15,일식,2,11,영상 보고 바로 저장했습니다. 초밥 먹으러 을지로 가야겠어요.
2024-08-15,2024-08-16,한식,2,463,오늘 저녁 메뉴는 갈비로 결정했습니다.
2024-01-22,2024-01-25,한식,1,86,숨은 맛집 소개 감사합니다!
2024-07-21,2024-07-24,동남아,0,195,영상 퀄리티도 좋고 정보도 좋아요.
2024-06-30,2024-07-01,일식,5,140,와 돈까스 진짜 맛있어 보이네요. 침 고입니다.
2024-03-17,2024-03-17,양식,19,317,파스타 좋아하는데 이런 맛집이 있었다니!
2024-05-31,2024-06-03,한식,13,451,이 채널 때문에 다이어트 포기합니다 😂
2024-02-14,2024-02-16,양식,12,70,항상 믿고 보는 맛집 채널입니다 👍
2024-09-26,2024-09-27,한식,20,410,이 채널 때문에 다이어트 포기합니다 😂
2024-07-02,2024-07-05,한식,17,400,가격도 괜찮아 보이네요. 잠실 갈 때 들러야겠어요.
2024-10-16,2024-10-18,일식,12,138,라멘 비주얼 미쳤네요… 다음 주말에 가볼게요!
2024-04-22,2024-04-22,한식,8,29,여기 줄 서나요? 너무 맛있어 보입니다.
2024-07-02,2024-07-03,양식,5,51,신촌 맛집 찾고 있었는데 감사합니다!
2024-09-30,2024-09-30,한식,7,294,오늘 저녁 메뉴는 냉면로 결정했습니다.
2024-03-29,2024-03-30,일식,7,303,여기 예전에 가봤는데 또 가고 싶네요. 초밥 최고!
2024-01-15,2024-01-17,일식,18,288,라멘 비주얼 미쳤네요… 다음 주말에 가볼게요!
2024-09-09,2024-09-11,동남아,5,251,이태원 가면 여기 꼭 가봐야겠네요! 쌀국수 진짜 맛있어 보입니다.
2024-04-29,2024-04-30,한식,0,269,가격도 괜찮아 보이네요. 홍대 갈 때 들러야겠어요.
2024-04-13,2024-04-14,한식,10,367,삼겹살 비주얼 미쳤네요… 다음 주말에 가볼게요!
2024-01-12,2024-01-13,한식,18,360,숨은 맛집 소개 감사합니다!
2024-02-26,2024-02-28,한식,2,191,다음에는 여의도 다른 맛집도 소개해주세요!
2024-02-21,2024-02-23,일식,9,165,초밥 비주얼 미쳤네요… 다음 주말에 가볼게요!
2024-08-11,2024-08-14,한식,20,162,곱창 비주얼 미쳤네요… 다음 주말에 가볼게요!
2024-07-01,2024-07-02,중식,18,417,마라탕 비주얼 미쳤네요… 다음 주말에 가볼게요!
2024-05-30,2024-05-31,일식,5,373,종로 가면 여기 꼭 가봐야겠네요! 초밥 진짜 맛있어 보입니다.
2024-10-17,2024-10-17,동남아,5,308,여기 예전에 가봤는데 또 가고 싶네요. 쌀국수 최고!
2024-10-16,2024-10-16,남미,15,72,여기 예전에 가봤는데 또 가고 싶네요. 타코 최고!
2024-06-26,2024-06-28,한식,5,325,숨은 맛집 소개 감사합니다!
2024-06-20,2024-06-23,한식,0,135,용산 맛집 찾고 있었는데 감사합니다!
2024-02-04,2024-02-06,한식,8,402,영상 보고 바로 저장했습니다. 냉면 먹으러 압구정 가야겠어요.
2024-07-16,2024-07-19,한식,13,496,삼겹살 비주얼 미쳤네요… 다음 주말에 가볼게요!
2024-07-12,2024-07-14,일식,17,192,영상 보고 바로 저장했습니다. 돈까스 먹으러 건대 가야겠어요.
2024-10-22,2024-10-23,양식,5,231,영상 보고 바로 저장했습니다. 피자 먹으러 여의도 가야겠어요.
2024-01-11,2024-01-13,한식,8,487,영상 보고 바로 저장했습니다. 김치찌개 먹으러 종로 가야겠어요.
2024-03-28,2024-03-31,한식,5,374,영상 보고 바로 저장했습니다. 치킨 먹으러 을지로 가야겠어요.
2024-02-17,2024-02-19,중식,19,314,숨은 맛집 소개 감사합니다!
2024-01-16,2024-01-19,양식,20,84,피자 좋아하는데 이런 맛집이 있었다니!
2024-01-28,2024-01-28,일식,10,105,성수 맛집 찾고 있었는데 감사합니다!
2024-10-10,2024-10-12,일식,9,152,압구정 맛집 찾고 있었는데 감사합니다!
2024-07-20,2024-07-23,한식,4,27,여기 예전에 가봤는데 또 가고 싶네요. 떡볶이 최고!
2024-02-14,2024-02-16,한식,20,307,가격도 괜찮아 보이네요. 잠실 갈 때 들러야겠어요.
2024-01-14,2024-01-15,한식,5,326,와 갈비 진짜 맛있어 보이네요. 침 고입니다.
2024-02-29,2024-03-02,한식,12,241,가격도 괜찮아 보이네요. 건대 갈 때 들러야겠어요.
2024-10-05,2024-10-08,한식,5,189,숨은 맛집 소개 감사합니다!
2024-04-05,2024-04-08,일식,1,134,가격도 괜찮아 보이네요. 을지로 갈 때 들러야겠어요.
2024-04-25,2024-04-27,양식,18,31,파스타 비주얼 미쳤네요… 다음 주말에 가볼게요!
2024-06-25,2024-06-28,한식,18,116,이 채널 때문에 다이어트 포기합니다 😂
2024-07-17,2024-07-20,한식,17,351,오늘 저녁 메뉴는 김치찌개로 결정했습니다.
2024-04-30,2024-05-03,양식,9,40,항상 믿고 보는 맛집 채널입니다 👍
2024-10-19,2024-10-20,한식,3,486,여기 줄 서나요? 너무 맛있어 보입니다.
2024-03-26,2024-03-27,양식,6,64,성수 가면 여기 꼭 가봐야겠네요! 파스타 진짜 맛있어 보입니다.
2024-08-10,2024-08-11,일식,20,75,오늘 저녁 메뉴는 돈까스로 결정했습니다.
2024-06-12,2024-06-12,남미,2,198,이 채널 때문에 다이어트 포기합니다 😂
2024-06-15,2024-06-17,일식,16,234,숨은 맛집 소개 감사합니다!
2024-10-27,2024-10-30,한식,3,212,삼겹살 비주얼 미쳤네요… 다음 주말에 가볼게요!
2024-10-25,2024-10-25,한식,3,288,여기 줄 서나요? 너무 맛있어 보입니다.
2024-05-26,2024-05-28,한식,13,135,항상 믿고 보는 맛집 채널입니다 👍
2024-08-30,2024-08-30,양식,5,141,항상 믿고 보는 맛집 채널입니다 👍
2024-07-24,2024-07-24,한식,12,455,숨은 맛집 소개 감사합니다!
2024-05-01,2024-05-01,한식,15,471,와 보쌈 진짜 맛있어 보이네요. 침 고입니다.
2024-06-21,2024-06-23,일식,9,143,오늘 저녁 메뉴는 라멘로 결정했습니다.
2024-02-20,2024-02-21,양식,4,153,다음에는 용산 다른 맛집도 소개해주세요!
2024-06-13,2024-06-15,양식,13,309,영상 퀄리티도 좋고 정보도 좋아요.
2024-08-14,2024-08-15,한식,13,379,가격도 괜찮아 보이네요. 이태원 갈 때 들러야겠어요.
2024-07-10,2024-07-10,양식,16,405,버거 비주얼 미쳤네요… 다음 주말에 가볼게요!
2024-09-16,2024-09-19,한식,4,399,오늘 저녁 메뉴는 치킨로 결정했습니다.
2024-10-18,2024-10-18,양식,5,98,숨은 맛집 소개 감사합니다!
2024-01-30,2024-01-31,한식,1,233,용산 가면 여기 꼭 가봐야겠네요! 갈비 진짜 맛있어 보입니다.
2024-04-11,2024-04-13,일식,11,421,가격도 괜찮아 보이네요. 압구정 갈 때 들러야겠어요.
2024-03-04,2024-03-04,양식,7,190,가격도 괜찮아 보이네요. 잠실 갈 때 들러야겠어요.
2024-03-31,2024-04-03,남미,18,282,여기 예전에 가봤는데 또 가고 싶네요. 타코 최고!
2024-05-12,2024-05-12,일식,9,14,항상 믿고 보는 맛집 채널입니다 👍
2024-10-19,2024-10-20,한식,7,331,성수 맛집 찾고 있었는데 감사합니다!
2024-07-28,2024-07-28,한식,0,242,숨은 맛집 소개 감사합니다!
2024-03-29,2024-03-29,한식,7,129,순대국 좋아하는데 이런 맛집이 있었다니!
2024-05-20,2024-05-23,한식,12,436,여기 예전에 가봤는데 또 가고 싶네요. 족발 최고!
2024-04-21,2024-04-24,양식,9,346,이 채널 때문에 다이어트 포기합니다 😂
2024-10-26,2024-10-26,남미,0,261,영상 퀄리티도 좋고 정보도 좋아요.
2024-05-24,2024-05-26,일식,3,246,영상 보고 바로 저장했습니다. 라멘 먹으러 신촌 가야겠어요.
2024-06-15,2024-06-17,한식,8,335,다음에는 종로 다른 맛집도 소개해주세요!
2024-03-17,2024-03-18,한식,1,412,오늘 저녁 메뉴는 족발로 결정했습니다.
2024-06-12,2024-06-13,남미,0,335,가격도 괜찮아 보이네요. 잠실 갈 때 들러야겠어요.
2024-08-02,2024-08-05,한식,12,377,종로 가면 여기 꼭 가봐야겠네요! 족발 진짜 맛있어 보입니다.
2024-10-19,2024-10-20,동남아,10,371,다음에는 압구정 다른 맛집도 소개해주세요!
2024-09-30,2024-10-03,한식,11,259,와 냉면 진짜 맛있어 보이네요. 침 고입니다.
2024-10-12,2024-10-13,한식,9,49,가격도 괜찮아 보이네요. 용산 갈 때 들러야겠어요.
2024-05-12,2024-05-13,한식,10,335,영상 보고 바로 저장했습니다. 순대국 먹으러 압구정 가야겠어요.
2024-04-24,2024-04-26,한식,13,403,숨은 맛집 소개 감사합니다!
2024-05-13,2024-05-15,한식,14,435,영상 보고 바로 저장했습니다. 보쌈 먹으러 을지로 가야겠어요.
2024-10-25,2024-10-25,양식,15,455,홍대 맛집 찾고 있었는데 감사합니다!
2024-07-14,2024-07-16,양식,13,27,오늘 저녁 메뉴는 버거로 결정했습니다.
2024-04-12,2024-04-14,한식,13,291,숨은 맛집 소개 감사합니다!
2024-06-10,2024-06-11,양식,2,249,여기 예전에 가봤는데 또 가고 싶네요. 파스타 최고!
2024-01-30,2024-01-30,한식,14,140,을지로 맛집 찾고 있었는데 감사합니다!
2024-03-22,2024-03-25,한식,2,66,곱창 좋아하는데 이런 맛집이 있었다니!
2024-08-07,2024-08-10,일식,13,494,가격도 괜찮아 보이네요. 합정 갈 때 들러야겠어요.
2024-01-20,2024-01-21,일식,11,486,홍대 가면 여기 꼭 가봐야겠네요! 초밥 진짜 맛있어 보입니다.
2024-09-28,2024-09-29,한식,0,346,여의도 가면 여기 꼭 가봐야겠네요! 보쌈 진짜 맛있어 보입니다.
2024-06-25,2024-06-27,한식,4,52,항상 믿고 보는 맛집 채널입니다 👍
2024-06-05,2024-06-06,양식,2,421,망원 가면 여기 꼭 가봐야겠네요! 버거 진짜 맛있어 보입니다.
2024-08-21,2024-08-23,한식,13,454,영상 퀄리티도 좋고 정보도 좋아요.
2024-09-07,2024-09-09,한식,6,84,숨은 맛집 소개 감사합니다!
2024-04-26,2024-04-27,일식,4,108,다음에는 홍대 다른 맛집도 소개해주세요!
2024-09-15,2024-09-16,한식,3,187,다음에는 망원 다른 맛집도 소개해주세요!
2024-05-10,2024-05-10,한식,19,24,영상 퀄리티도 좋고 정보도 좋아요.
2024-01-11,2024-01-11,한식,3,213,가격도 괜찮아 보이네요. 합정 갈 때 들러야겠어요.
2024-10-07,2024-10-09,일식,15,359,초밥 비주얼 미쳤네요… 다음 주말에 가볼게요!
2024-01-05,2024-01-07,한식,13,338,영상 보고 바로 저장했습니다. 갈비 먹으러 압구정 가야겠어요.
2024-03-11,2024-03-14,양식,3,261,다음에는 종로 다른 맛집도 소개해주세요!
2024-05-24,2024-05-24,남미,3,254,강남 맛집 찾고 있었는데 감사합니다!
2024-05-14,2024-05-15,남미,11,360,항상 믿고 보는 맛집 채널입니다 👍
2024-01-21,2024-01-24,한식,6,352,숨은 맛집 소개 감사합니다!
2024-04-30,2024-04-30,양식,0,343,영상 보고 바로 저장했습니다. 피자 먹으러 을지로 가야겠어요.
2024-10-20,2024-10-23,한식,4,486,영상 보고 바로 저장했습니다. 떡볶이 먹으러 용산 가야겠어요.
2024-02-21,2024-02-23,양식,20,118,가격도 괜찮아 보이네요. 강남 갈 때 들러야겠어요.
2024-08-25,2024-08-25,한식,3,416,족발 비주얼 미쳤네요… 다음 주말에 가볼게요!
2024-05-28,2024-05-30,한식,10,218,다음에는 용산 다른 맛집도 소개해주세요!
2024-01-24,2024-01-24,한식,4,339,영상 퀄리티도 좋고 정보도 좋아요.
2024-07-02,2024-07-05,한식,19,137,숨은 맛집 소개 감사합니다!
2024-06-24,2024-06-25,한식,3,205,항상 믿고 보는 맛집 채널입니다 👍
2024-07-16,2024-07-19,양식,13,332,숨은 맛집 소개 감사합니다!
2024-03-08,2024-03-08,한식,5,53,항상 믿고 보는 맛집 채널입니다 👍
2024-10-18,2024-10-21,동남아,5,312,항상 믿고 보는 맛집 채널입니다 👍
2024-01-15,2024-01-16,일식,15,471,가격도 괜찮아 보이네요. 망원 갈 때 들러야겠어요.
2024-07-29,2024-08-01,한식,1,32,와 떡볶이 진짜 맛있어 보이네요. 침 고입니다.
2024-09-25,2024-09-26,한식,10,265,이 채널 때문에 다이어트 포기합니다 😂
2024-08-09,2024-08-10,남미,15,177,영상 퀄리티도 좋고 정보도 좋아요.
2024-10-12,2024-10-12,일식,0,329,숨은 맛집 소개 감사합니다!
2024-08-28,2024-08-31,한식,5,38,여기 줄 서나요? 너무 맛있어 보입니다.
2024-05-03,2024-05-05,양식,8,25,이 채널 때문에 다이어트 포기합니다 😂
2024-07-12,2024-07-15,한식,7,40,가격도 괜찮아 보이네요. 신촌 갈 때 들러야겠어요.
2024-10-20,2024-10-23,양식,2,438,가격도 괜찮아 보이네요. 여의도 갈 때 들러야겠어요.
2024-03-01,2024-03-04,양식,20,9,영상 보고 바로 저장했습니다. 파스타 먹으러 을지로 가야겠어요.
2024-01-19,2024-01-19,일식,2,405,초밥 좋아하는데 이런 맛집이 있었다니!
2024-06-04,2024-06-05,남미,20,343,가격도 괜찮아 보이네요. 합정 갈 때 들러야겠어요.
2024-01-28,2024-01-29,한식,14,169,이 채널 때문에 다이어트 포기합니다 😂
2024-08-30,2024-09-01,남미,14,58,영상 보고 바로 저장했습니다. 타코 먹으러 망원 가야겠어요.
2024-06-23,2024-06-25,한식,20,493,여기 줄 서나요? 너무 맛있어 보입니다.
2024-09-24,2024-09-26,한식,3,23,숨은 맛집 소개 감사합니다!
2024-03-12,2024-03-15,한식,3,130,곱창 좋아하는데 이런 맛집이 있었다니!
2024-03-02,2024-03-05,한식,6,234,오늘 저녁 메뉴는 갈비로 결정했습니다.
2024-06-22,2024-06-22,한식,13,23,숨은 맛집 소개 감사합니다!
2024-08-18,2024-08-21,동남아,18,489,이 채널 때문에 다이어트 포기합니다 😂
2024-01-03,2024-01-03,한식,17,478,항상 믿고 보는 맛집 채널입니다 👍
2024-09-17,2024-09-18,동남아,18,88,다음에는 건대 다른 맛집도 소개해주세요!
2024-07-17,2024-07-19,한식,16,451,항상 믿고 보는 맛집 채널입니다 👍
2024-05-07,2024-05-09,일식,12,493,여기 예전에 가봤는데 또 가고 싶네요. 돈까스 최고!
2024-03-09,2024-03-10,한식,13,308,다음에는 건대 다른 맛집도 소개해주세요!
2024-10-07,2024-10-09,양식,17,323,종로 맛집 찾고 있었는데 감사합니다!
2024-05-28,2024-05-30,한식,4,363,영상 퀄리티도 좋고 정보도 좋아요.
2024-10-04,2024-10-06,한식,3,389,여기 예전에 가봤는데 또 가고 싶네요. 곱창 최고!
2024-10-25,2024-10-28,중식,17,146,숨은 맛집 소개 감사합니다!
2024-01-07,2024-01-07,일식,0,195,돈까스 비주얼 미쳤네요… 다음 주말에 가볼게요!
2024-01-29,2024-01-30,한식,8,384,여기 줄 서나요? 너무 맛있어 보입니다.
2024-05-08,2024-05-09,한식,1,353,여기 줄 서나요? 너무 맛있어 보입니다.
2024-10-04,2024-10-04,한식,11,416,가격도 괜찮아 보이네요. 이태원 갈 때 들러야겠어요.
2024-10-14,2024-10-15,한식,20,287,항상 믿고 보는 맛집 채널입니다 👍
2024-05-27,2024-05-27,한식,12,198,항상 믿고 보는 맛집 채널입니다 👍
2024-01-28,2024-01-28,한식,8,103,보쌈 좋아하는데 이런 맛집이 있었다니!
2024-04-25,2024-04-27,양식,18,279,다음에는 용산 다른 맛집도 소개해주세요!
2024-04-09,2024-04-11,남미,14,90,영상 퀄리티도 좋고 정보도 좋아요.
2024-03-29,2024-03-29,한식,12,20,항상 믿고 보는 맛집 채널입니다 👍
2024-05-15,2024-05-16,한식,5,299,오늘 저녁 메뉴는 칼국수로 결정했습니다.
2024-06-18,2024-06-21,한식,4,20,칼국수 비주얼 미쳤네요… 다음 주말에 가볼게요!
2024-01-27,2024-01-29,한식,15,404,보쌈 좋아하는데 이런 맛집이 있었다니!
2024-02-07,2024-02-09,중식,16,112,마라탕 비주얼 미쳤네요… 다음 주말에 가볼게요!
2024-09-15,2024-09-16,양식,13,278,이 채널 때문에 다이어트 포기합니다 😂
2024-06-27,2024-06-28,일식,6,339,여기 예전에 가봤는데 또 가고 싶네요. 초밥 최고!
2024-05-30,2024-05-31,한식,19,271,가격도 괜찮아 보이네요. 을지로 갈 때 들러야겠어요.
2024-01-05,2024-01-05,중식,11,228,용산 맛집 찾고 있었는데 감사합니다!
2024-05-04,2024-05-04,남미,10,195,숨은 맛집 소개 감사합니다!
2024-05-11,2024-05-13,한식,0,466,이 채널 때문에 다이어트 포기합니다 😂
2024-09-17,2024-09-20,일식,15,22,와 라멘 진짜 맛있어 보이네요. 침 고입니다.
2024-09-20,2024-09-20,한식,3,85,여기 줄 서나요? 너무 맛있어 보입니다.
2024-01-04,2024-01-04,중식,6,343,영상 퀄리티도 좋고 정보도 좋아요.
2024-08-05,2024-08-05,한식,6,275,오늘 저녁 메뉴는 갈비로 결정했습니다.
2024-02-06,2024-02-07,일식,0,235,다음에는 합정 다른 맛집도 소개해주세요!
2024-02-14,2024-02-14,한식,1,91,여기 줄 서나요? 너무 맛있어 보입니다.
2024-02-06,2024-02-07,한식,8,208,항상 믿고 보는 맛집 채널입니다 👍
2024-07-26,2024-07-29,양식,10,8,항상 믿고 보는 맛집 채널입니다 👍
2024-01-04,2024-01-04,한식,18,23,다음에는 신촌 다른 맛집도 소개해주세요!
2024-09-14,2024-09-14,한식,9,402,영상 퀄리티도 좋고 정보도 좋아요.
2024-02-14,2024-02-16,한식,14,195,항상 믿고 보는 맛집 채널입니다 👍
2024-03-21,2024-03-22,한식,4,382,항상 믿고 보는 맛집 채널입니다 👍
2024-03-14,2024-03-16,중식,20,191,종로 가면 여기 꼭 가봐야겠네요! 마라탕 진짜 맛있어 보입니다.
2024-10-11,2024-10-12,중식,3,21,용산 가면 여기 꼭 가봐야겠네요! 마라탕 진짜 맛있어 보입니다.
2024-07-20,2024-07-20,동남아,9,107,다음에는 망원 다른 맛집도 소개해주세요!
2024-07-30,2024-07-31,일식,5,94,이태원 맛집 찾고 있었는데 감사합니다!
2024-05-09,2024-05-10,남미,3,92,영상 퀄리티도 좋고 정보도 좋아요.
2024-01-28,2024-01-31,동남아,20,281,영상 보고 바로 저장했습니다. 쌀국수 먹으러 용산 가야겠어요.
2024-02-04,2024-02-06,한식,3,101,다음에는 합정 다른 맛집도 소개해주세요!
2024-06-18,2024-06-20,동남아,4,343,영상 퀄리티도 좋고 정보도 좋아요.
2024-05-25,2024-05-25,한식,6,162,가격도 괜찮아 보이네요. 강남 갈 때 들러야겠어요.
2024-06-05,2024-06-06,양식,18,290,여기 예전에 가봤는데 또 가고 싶네요. 파스타 최고!
2024-03-27,2024-03-27,한식,10,126,여기 줄 서나요? 너무 맛있어 보입니다.
2024-08-11,2024-08-13,한식,11,68,영상 퀄리티도 좋고 정보도 좋아요.
2024-09-02,2024-09-05,한식,14,183,여기 줄 서나요? 너무 맛있어 보입니다.
2024-10-09,2024-10-09,한식,5,330,족발 좋아하는데 이런 맛집이 있었다니!
2024-05-23,2024-05-24,한식,17,100,와 치킨 진짜 맛있어 보이네요. 침 고입니다.
2024-02-08,2024-02-08,한식,16,323,압구정 가면 여기 꼭 가봐야겠네요! 치킨 진짜 맛있어 보입니다.
2024-07-26,2024-07-27,동남아,1,282,와 쌀국수 진짜 맛있어 보이네요. 침 고입니다.
2024-10-03,2024-10-06,중식,20,396,마라탕 비주얼 미쳤네요… 다음 주말에 가볼게요!
2024-04-24,2024-04-26,일식,4,237,이 채널 때문에 다이어트 포기합니다 😂
2024-07-22,2024-07-24,양식,16,5,영상 퀄리티도 좋고 정보도 좋아요.
2024-03-25,2024-03-26,한식,14,81,냉면 비주얼 미쳤네요… 다음 주말에 가볼게요!
2024-03-15,2024-03-18,동남아,11,20,망원 맛집 찾고 있었는데 감사합니다!
2024-02-02,2024-02-04,양식,11,119,이태원 가면 여기 꼭 가봐야겠네요! 피자 진짜 맛있어 보입니다.
2024-07-03,2024-07-06,한식,15,469,가격도 괜찮아 보이네요. 신촌 갈 때 들러야겠어요.
2024-06-14,2024-06-14,한식,16,324,오늘 저녁 메뉴는 김치찌개로 결정했습니다.
2024-05-14,2024-05-15,한식,12,334,항상 믿고 보는 맛집 채널입니다 👍
2024-02-09,2024-02-11,일식,12,498,숨은 맛집 소개 감사합니다!
2024-07-26,2024-07-28,한식,11,249,여기 줄 서나요? 너무 맛있어 보입니다.
2024-01-04,2024-01-05,양식,14,84,서촌 맛집 찾고 있었는데 감사합니다!
2024-05-23,2024-05-24,한식,4,95,치킨 비주얼 미쳤네요… 다음 주말에 가볼게요!
2024-03-01,2024-03-02,일식,13,415,여기 예전에 가봤는데 또 가고 싶네요. 라멘 최고!
2024-09-02,2024-09-05,한식,6,302,떡볶이 비주얼 미쳤네요… 다음 주말에 가볼게요!
2024-05-04,2024-05-04,일식,4,293,돈까스 좋아하는데 이런 맛집이 있었다니!
2024-09-19,2024-09-19,한식,18,75,성수 가면 여기 꼭 가봐야겠네요! 곱창 진짜 맛있어 보입니다.
2024-04-02,2024-04-05,한식,19,496,곱창 좋아하는데 이런 맛집이 있었다니!
2024-05-25,2024-05-25,한식,6,229,삼겹살 좋아하는데 이런 맛집이 있었다니!
2024-09-03,2024-09-04,양식,7,425,항상 믿고 보는 맛집 채널입니다 👍
2024-10-25,2024-10-26,남미,19,337,이 채널 때문에 다이어트 포기합니다 😂
2024-06-24,2024-06-27,한식,19,302,영상 보고 바로 저장했습니다. 칼국수 먹으러 성수 가야겠어요.
2024-07-16,2024-07-17,한식,3,8,잠실 맛집 찾고 있었는데 감사합니다!
2024-09-15,2024-09-18,양식,4,310,영상 보고 바로 저장했습니다. 버거 먹으러 용산 가야겠어요.
2024-01-20,2024-01-20,한식,2,246,영상 퀄리티도 좋고 정보도 좋아요.
2024-10-03,2024-10-03,한식,20,220,이 채널 때문에 다이어트 포기합니다 😂
2024-01-23,2024-01-26,일식,7,480,여기 줄 서나요? 너무 맛있어 보입니다.
2024-07-14,2024-07-16,양식,18,411,다음에는 여의도 다른 맛집도 소개해주세요!
2024-08-05,2024-08-06,동남아,8,244,여기 줄 서나요? 너무 맛있어 보입니다.
2024-02-12,2024-02-14,한식,19,448,이 채널 때문에 다이어트 포기합니다 😂
2024-04-06,2024-04-06,일식,0,295,이 채널 때문에 다이어트 포기합니다 😂
2024-01-04,2024-01-07,한식,20,105,다음에는 신촌 다른 맛집도 소개해주세요!
2024-07-04,2024-07-04,한식,4,218,영상 퀄리티도 좋고 정보도 좋아요.
2024-05-13,2024-05-16,동남아,18,187,쌀국수 좋아하는데 이런 맛집이 있었다니!
2024-07-22,2024-07-23,한식,13,282,여기 줄 서나요? 너무 맛있어 보입니다.
2024-04-01,2024-04-03,중식,17,284,가격도 괜찮아 보이네요. 건대 갈 때 들러야겠어요.
2024-10-22,2024-10-24,한식,12,376,칼국수 비주얼 미쳤네요… 다음 주말에 가볼게요!
2024-04-27,2024-04-30,한식,5,51,압구정 맛집 찾고 있었는데 감사합니다!
2024-06-22,2024-06-22,양식,5,199,영상 퀄리티도 좋고 정보도 좋아요.
2024-02-16,2024-02-17,한식,15,474,삼겹살 좋아하는데 이런 맛집이 있었다니!
2024-02-02,2024-02-04,일식,7,189,영상 보고 바로 저장했습니다. 돈까스 먹으러 강남 가야겠어요.
2024-07-15,2024-07-18,남미,19,335,이 채널 때문에 다이어트 포기합니다 😂
2024-01-30,2024-01-31,한식,20,253,가격도 괜찮아 보이네요. 압구정 갈 때 들러야겠어요.
2024-09-22,2024-09-24,한식,6,17,여기 줄 서나요? 너무 맛있어 보입니다.
2024-09-21,2024-09-22,남미,19,86,영상 퀄리티도 좋고 정보도 좋아요.
2024-05-02,2024-05-02,한식,5,44,와 김치찌개 진짜 맛있어 보이네요. 침 고입니다.
2024-07-21,2024-07-24,일식,18,102,이 채널 때문에 다이어트 포기합니다 😂
2024-02-05,2024-02-05,한식,17,145,다음에는 압구정 다른 맛집도 소개해주세요!
2024-10-25,2024-10-27,중식,11,493,오늘 저녁 메뉴는 마라탕로 결정했습니다.
2024-04-09,2024-04-12,한식,12,294,이태원 가면 여기 꼭 가봐야겠네요! 칼국수 진짜 맛있어 보입니다.
2024-07-27,2024-07-27,한식,17,37,이 채널 때문에 다이어트 포기합니다 😂
2024-02-29,2024-03-02,한식,17,416,여기 줄 서나요? 너무 맛있어 보입니다.
2024-08-14,2024-08-17,동남아,18,247,여기 줄 서나요? 너무 맛있어 보입니다.
2024-06-22,2024-06-25,한식,14,459,냉면 좋아하는데 이런 맛집이 있었다니!
2024-02-29,2024-03-02,한식,2,195,영상 퀄리티도 좋고 정보도 좋아요.
2024-04-27,2024-04-29,한식,13,489,여기 예전에 가봤는데 또 가고 싶네요. 냉면 최고!
2024-01-05,2024-01-07,양식,7,147,영상 보고 바로 저장했습니다. 버거 먹으러 신촌 가야겠어요.
2024-06-24,2024-06-24,일식,17,476,초밥 비주얼 미쳤네요… 다음 주말에 가볼게요!
2024-06-30,2024-07-01,양식,18,137,피자 비주얼 미쳤네요… 다음 주말에 가볼게요!
2024-04-12,2024-04-13,한식,7,446,와 갈비 진짜 맛있어 보이네요. 침 고입니다.
2024-04-13,2024-04-14,한식,19,182,갈비 비주얼 미쳤네요… 다음 주말에 가볼게요!
2024-02-10,2024-02-13,한식,19,3,여기 줄 서나요? 너무 맛있어 보입니다.
2024-09-03,2024-09-05,중식,19,161,가격도 괜찮아 보이네요. 홍대 갈 때 들러야겠어요.
2024-05-20,2024-05-23,동남아,5,391,숨은 맛집 소개 감사합니다!
2024-07-22,2024-07-23,양식,18,65,종로 가면 여기 꼭 가봐야겠네요! 버거 진짜 맛있어 보입니다.
2024-08-04,2024-08-07,양식,17,16,이 채널 때문에 다이어트 포기합니다 😂
2024-03-30,2024-04-02,일식,3,357,이 채널 때문에 다이어트 포기합니다 😂
2024-01-05,2024-01-05,양식,6,194,파스타 좋아하는데 이런 맛집이 있었다니!
2024-07-04,2024-07-06,한식,5,280,와 떡볶이 진짜 맛있어 보이네요. 침 고입니다.
2024-08-29,2024-08-31,한식,11,94,가격도 괜찮아 보이네요. 종로 갈 때 들러야겠어요.
2024-08-02,2024-08-04,일식,11,437,항상 믿고 보는 맛집 채널입니다 👍
2024-04-02,2024-04-03,한식,18,351,건대 맛집 찾고 있었는데 감사합니다!
2024-05-18,2024-05-19,한식,17,221,오늘 저녁 메뉴는 떡볶이로 결정했습니다.
2024-03-15,2024-03-16,일식,15,412,이태원 가면 여기 꼭 가봐야겠네요! 초밥 진짜 맛있어 보입니다.
2024-09-12,2024-09-13,한식,20,264,이 채널 때문에 다이어트 포기합니다 😂
2024-09-06,2024-09-08,한식,8,287,오늘 저녁 메뉴는 보쌈로 결정했습니다.
2024-07-22,2024-07-22,동남아,5,30,홍대 맛집 찾고 있었는데 감사합니다!
2024-02-19,2024-02-22,한식,10,133,여기 예전에 가봤는데 또 가고 싶네요. 칼국수 최고!
2024-10-12,2024-10-14,일식,11,10,항상 믿고 보는 맛집 채널입니다 👍
2024-04-11,2024-04-12,한식,9,181,여기 예전에 가봤는데 또 가고 싶네요. 떡볶이 최고!
2024-08-16,2024-08-16,양식,12,314,와 버거 진짜 맛있어 보이네요. 침 고입니다.
2024-03-15,2024-03-16,양식,20,413,숨은 맛집 소개 감사합니다!
2024-10-19,2024-10-22,한식,2,40,보쌈 비주얼 미쳤네요… 다음 주말에 가볼게요!
2024-06-09,2024-06-11,한식,20,149,다음에는 이태원 다른 맛집도 소개해주세요!
2024-07-21,2024-07-23,한식,14,399,오늘 저녁 메뉴는 칼국수로 결정했습니다.
2024-10-27,2024-10-30,일식,13,85,라멘 비주얼 미쳤네요… 다음 주말에 가볼게요!
2024-04-30,2024-05-02,한식,2,107,삼겹살 비주얼 미쳤네요… 다음 주말에 가볼게요!
2024-02-18,2024-02-18,일식,15,280,강남 가면 여기 꼭 가봐야겠네요! 초밥 진짜 맛있어 보입니다.
2024-07-22,2024-07-22,한식,3,134,삼겹살 좋아하는데 이런 맛집이 있었다니!
2024-07-18,2024-07-20,한식,7,126,다음에는 강남 다른 맛집도 소개해주세요!
2024-03-05,2024-03-06,한식,16,429,족발 비주얼 미쳤네요… 다음 주말에 가볼게요!
2024-07-01,2024-07-03,한식,15,239,오늘 저녁 메뉴는 삼겹살로 결정했습니다.
2024-05-19,2024-05-22,중식,4,496,다음에는 서촌 다른 맛집도 소개해주세요!
2024-08-21,2024-08-24,중식,16,327,영상 퀄리티도 좋고 정보도 좋아요.
2024-06-26,2024-06-29,중식,17,116,여기 줄 서나요? 너무 맛있어 보입니다.
2024-06-06,2024-06-08,한식,13,133,치킨 비주얼 미쳤네요… 다음 주말에 가볼게요!
2024-01-01,2024-01-02,한식,11,146,가격도 괜찮아 보이네요. 홍대 갈 때 들러야겠어요.
2024-09-08,2024-09-11,중식,9,4,여기 줄 서나요? 너무 맛있어 보입니다.
2024-05-29,2024-05-30,일식,0,280,여기 예전에 가봤는데 또 가고 싶네요. 돈까스 최고!
2024-10-14,2024-10-17,한식,12,127,갈비 비주얼 미쳤네요… 다음 주말에 가볼게요!
2024-07-12,2024-07-13,일식,8,40,항상 믿고 보는 맛집 채널입니다 👍
2024-05-19,2024-05-21,한식,20,380,이 채널 때문에 다이어트 포기합니다 😂
2024-04-06,2024-04-06,한식,5,69,와 칼국수 진짜 맛있어 보이네요. 침 고입니다.
2024-08-21,2024-08-24,한식,8,358,떡볶이 좋아하는데 이런 맛집이 있었다니!
2024-06-13,2024-06-13,양식,4,25,이 채널 때문에 다이어트 포기합니다 😂
2024-02-22,2024-02-24,한식,8,64,다음에는 성수 다른 맛집도 소개해주세요!
2024-01-05,2024-01-06,양식,2,77,압구정 가면 여기 꼭 가봐야겠네요! 파스타 진짜 맛있어 보입니다.
2024-06-24,2024-06-27,양식,9,402,여기 줄 서나요? 너무 맛있어 보입니다.
2024-08-25,2024-08-25,양식,10,41,오늘 저녁 메뉴는 피자로 결정했습니다.
2024-05-16,2024-05-19,한식,2,278,가격도 괜찮아 보이네요. 홍대 갈 때 들러야겠어요.
2024-05-08,2024-05-11,한식,0,62,여기 줄 서나요? 너무 맛있어 보입니다.
2024-08-14,2024-08-15,한식,1,101,가격도 괜찮아 보이네요. 잠실 갈 때 들러야겠어요.
2024-04-16,2024-04-19,한식,12,348,와 떡볶이 진짜 맛있어 보이네요. 침 고입니다.
2024-01-22,2024-01-22,한식,8,246,영상 퀄리티도 좋고 정보도 좋아요.
2024-07-03,2024-07-03,한식,6,498,영상 보고 바로 저장했습니다. 족발 먹으러 이태원 가야겠어요.
2024-08-10,2024-08-12,한식,0,85,여기 줄 서나요? 너무 맛있어 보입니다.
2024-03-02,2024-03-05,한식,7,4,망원 가면 여기 꼭 가봐야겠네요! 칼국수 진짜 맛있어 보입니다.
2024-08-31,2024-09-01,동남아,11,394,영상 보고 바로 저장했습니다. 쌀국수 먹으러 여의도 가야겠어요.
2024-09-12,2024-09-12,한식,19,173,숨은 맛집 소개 감사합니다!
2024-07-01,2024-07-02,한식,17,405,영상 보고 바로 저장했습니다. 김치찌개 먹으러 홍대 가야겠어요.
2024-04-29,2024-05-01,한식,17,403,영상 퀄리티도 좋고 정보도 좋아요.
2024-08-12,2024-08-13,일식,0,352,항상 믿고 보는 맛집 채널입니다 👍
2024-03-09,2024-03-11,일식,1,248,다음에는 압구정 다른 맛집도 소개해주세요!
2024-05-30,2024-06-02,양식,6,290,파스타 비주얼 미쳤네요… 다음 주말에 가볼게요!
2024-06-14,2024-06-17,중식,8,444,오늘 저녁 메뉴는 마라탕로 결정했습니다.
2024-10-10,2024-10-11,남미,2,271,타코 비주얼 미쳤네요… 다음 주말에 가볼게요!
2024-05-14,2024-05-16,양식,14,0,여기 줄 서나요? 너무 맛있어 보입니다.
2024-04-04,2024-04-04,양식,19,438,여기 예전에 가봤는데 또 가고 싶네요. 버거 최고!
2024-06-13,2024-06-13,남미,17,419,항상 믿고 보는 맛집 채널입니다 👍
2024-09-11,2024-09-12,한식,19,144,여기 예전에 가봤는데 또 가고 싶네요. 갈비 최고!
2024-06-13,2024-06-13,일식,3,267,영상 퀄리티도 좋고 정보도 좋아요.
2024-03-07,2024-03-08,한식,1,103,영상 보고 바로 저장했습니다. 치킨 먹으러 홍대 가야겠어요.
2024-02-20,2024-02-20,양식,18,328,오늘 저녁 메뉴는 피자로 결정했습니다.
2024-09-07,2024-09-09,일식,1,187,합정 맛집 찾고 있었는데 감사합니다!
2024-02-06,2024-02-06,남미,6,335,가격도 괜찮아 보이네요. 압구정 갈 때 들러야겠어요.
2024-02-01,2024-02-03,한식,17,380,숨은 맛집 소개 감사합니다!
2024-07-07,2024-07-07,일식,19,136,이 채널 때문에 다이어트 포기합니다 😂
2024-02-06,2024-02-08,한식,2,483,압구정 맛집 찾고 있었는데 감사합니다!
2024-02-21,2024-02-22,양식,17,197,강남 맛집 찾고 있었는데 감사합니다!
2024-05-07,2024-05-08,한식,17,383,이 채널 때문에 다이어트 포기합니다 😂
2024-02-24,2024-02-26,일식,14,359,영상 퀄리티도 좋고 정보도 좋아요.
2024-02-23,2024-02-24,일식,5,281,항상 믿고 보는 맛집 채널입니다 👍
2024-03-21,2024-03-24,양식,11,462,여기 예전에 가봤는데 또 가고 싶네요. 버거 최고!
2024-07-09,2024-07-12,중식,20,220,오늘 저녁 메뉴는 마라탕로 결정했습니다.
2024-05-03,2024-05-04,한식,12,392,이 채널 때문에 다이어트 포기합니다 😂
2024-08-19,2024-08-22,한식,12,0,다음에는 을지로 다른 맛집도 소개해주세요!
2024-01-09,2024-01-10,한식,9,3,와 김치찌개 진짜 맛있어 보이네요. 침 고입니다.
2024-06-10,2024-06-10,한식,8,470,이 채널 때문에 다이어트 포기합니다 😂
2024-10-19,2024-10-20,양식,3,19,가격도 괜찮아 보이네요. 신촌 갈 때 들러야겠어요.
2024-03-11,2024-03-13,일식,11,455,라멘 좋아하는데 이런 맛집이 있었다니!
2024-05-11,2024-05-13,한식,2,292,항상 믿고 보는 맛집 채널입니다 👍
2024-04-21,2024-04-21,동남아,10,405,가격도 괜찮아 보이네요. 서촌 갈 때 들러야겠어요.
2024-10-22,2024-10-22,한식,19,328,와 곱창 진짜 맛있어 보이네요. 침 고입니다.
2024-10-22,2024-10-25,한식,2,399,압구정 가면 여기 꼭 가봐야겠네요! 김치찌개 진짜 맛있어 보입니다.
2024-08-10,2024-08-13,한식,3,445,여기 줄 서나요? 너무 맛있어 보입니다.
2024-01-06,2024-01-09,한식,1,156,이 채널 때문에 다이어트 포기합니다 😂
2024-10-03,2024-10-04,한식,10,257,다음에는 을지로 다른 맛집도 소개해주세요!
2024-01-26,2024-01-29,한식,14,385,냉면 좋아하는데 이런 맛집이 있었다니!
2024-02-16,2024-02-17,동남아,13,148,여기 줄 서나요? 너무 맛있어 보입니다.
2024-03-08,2024-03-10,일식,2,243,초밥 좋아하는데 이런 맛집이 있었다니!
2024-07-23,2024-07-25,한식,2,204,이 채널 때문에 다이어트 포기합니다 😂
2024-03-07,2024-03-08,일식,15,286,여의도 맛집 찾고 있었는데 감사합니다!
2024-10-19,2024-10-20,양식,17,315,다음에는 잠실 다른 맛집도 소개해주세요!
2024-05-04,2024-05-04,양식,8,397,항상 믿고 보는 맛집 채널입니다 👍
2024-10-21,2024-10-21,한식,3,343,항상 믿고 보는 맛집 채널입니다 👍
2024-06-27,2024-06-28,일식,10,176,돈까스 좋아하는데 이런 맛집이 있었다니!
2024-06-05,2024-06-06,한식,11,315,오늘 저녁 메뉴는 삼겹살로 결정했습니다.
2024-03-15,2024-03-18,양식,1,473,오늘 저녁 메뉴는 파스타로 결정했습니다.
2024-07-10,2024-07-11,한식,2,57,다음에는 이태원 다른 맛집도 소개해주세요!
2024-03-16,2024-03-18,한식,0,175,다음에는 이태원 다른 맛집도 소개해주세요!
2024-08-18,2024-08-21,한식,0,169,종로 맛집 찾고 있었는데 감사합니다!
2024-04-14,2024-04-16,중식,17,247,마라탕 좋아하는데 이런 맛집이 있었다니!
2024-01-10,2024-01-13,한식,18,463,영상 퀄리티도 좋고 정보도 좋아요.
2024-05-10,2024-05-11,양식,1,145,홍대 맛집 찾고 있었는데 감사합니다!
2024-01-28,2024-01-31,남미,20,483,종로 가면 여기 꼭 가봐야겠네요! 타코 진짜 맛있어 보입니다.
2024-05-18,2024-05-20,한식,3,9,와 치킨 진짜 맛있어 보이네요. 침 고입니다.
2024-07-13,2024-07-13,일식,10,248,오늘 저녁 메뉴는 초밥로 결정했습니다.
2024-02-15,2024-02-16,남미,6,256,가격도 괜찮아 보이네요. 신촌 갈 때 들러야겠어요.
2024-01-12,2024-01-12,중식,7,472,이 채널 때문에 다이어트 포기합니다 😂
2024-09-07,2024-09-10,한식,5,9,여기 예전에 가봤는데 또 가고 싶네요. 족발 최고!
2024-06-03,2024-06-04,일식,16,141,여기 줄 서나요? 너무 맛있어 보입니다.
2024-05-11,2024-05-14,한식,0,483,이 채널 때문에 다이어트 포기합니다 😂
2024-03-18,2024-03-20,한식,12,336,칼국수 비주얼 미쳤네요… 다음 주말에 가볼게요!
2024-07-14,2024-07-15,한식,13,123,치킨 좋아하는데 이런 맛집이 있었다니!
2024-06-08,2024-06-10,한식,14,277,순대국 비주얼 미쳤네요… 다음 주말에 가볼게요!
2024-03-11,2024-03-12,한식,4,158,다음에는 합정 다른 맛집도 소개해주세요!
2024-03-10,2024-03-13,양식,4,335,숨은 맛집 소개 감사합니다!
2024-03-21,2024-03-23,동남아,2,285,이 채널 때문에 다이어트 포기합니다 😂
2024-06-11,2024-06-12,한식,0,391,여기 예전에 가봤는데 또 가고 싶네요. 떡볶이 최고!
2024-06-04,2024-06-07,일식,20,477,다음에는 잠실 다른 맛집도 소개해주세요!
2024-04-06,2024-04-06,한식,4,94,성수 가면 여기 꼭 가봐야겠네요! 칼국수 진짜 맛있어 보입니다.
2024-05-16,2024-05-17,남미,19,118,망원 맛집 찾고 있었는데 감사합니다!
2024-02-10,2024-02-13,한식,4,257,오늘 저녁 메뉴는 삼겹살로 결정했습니다.
2024-07-10,2024-07-11,남미,12,251,가격도 괜찮아 보이네요. 건대 갈 때 들러야겠어요.
2024-04-08,2024-04-09,한식,1,209,여기 줄 서나요? 너무 맛있어 보입니다.
2024-05-18,2024-05-21,한식,7,380,영상 퀄리티도 좋고 정보도 좋아요.
2024-04-14,2024-04-14,한식,5,474,가격도 괜찮아 보이네요. 여의도 갈 때 들러야겠어요.
2024-06-15,2024-06-18,남미,7,218,항상 믿고 보는 맛집 채널입니다 👍
2024-07-13,2024-07-15,한식,12,313,다음에는 망원 다른 맛집도 소개해주세요!
2024-10-01,2024-10-01,동남아,16,55,가격도 괜찮아 보이네요. 망원 갈 때 들러야겠어요.
2024-01-22,2024-01-23,양식,16,275,항상 믿고 보는 맛집 채널입니다 👍
2024-07-17,2024-07-17,한식,6,149,가격도 괜찮아 보이네요. 신촌 갈 때 들러야겠어요.
2024-06-04,2024-06-06,일식,14,85,항상 믿고 보는 맛집 채널입니다 👍
2024-01-28,2024-01-29,한식,14,424,영상 퀄리티도 좋고 정보도 좋아요.
2024-09-13,2024-09-13,양식,5,398,파스타 좋아하는데 이런 맛집이 있었다니!
2024-07-20,2024-07-23,중식,10,230,성수 가면 여기 꼭 가봐야겠네요! 마라탕 진짜 맛있어 보입니다.
2024-04-13,2024-04-16,한식,2,128,여기 예전에 가봤는데 또 가고 싶네요. 곱창 최고!
2024-03-04,2024-03-04,한식,3,361,가격도 괜찮아 보이네요. 압구정 갈 때 들러야겠어요.
2024-09-25,2024-09-28,일식,16,313,라멘 비주얼 미쳤네요… 다음 주말에 가볼게요!
2024-07-13,2024-07-13,일식,5,467,여기 예전에 가봤는데 또 가고 싶네요. 초밥 최고!
2024-03-17,2024-03-18,동남아,4,91,여기 줄 서나요? 너무 맛있어 보입니다.
2024-06-06,2024-06-08,한식,14,147,영상 퀄리티도 좋고 정보도 좋아요.
2024-03-08,2024-03-09,한식,0,318,여기 줄 서나요? 너무 맛있어 보입니다.
2024-08-22,2024-08-25,한식,15,278,여기 줄 서나요? 너무 맛있어 보입니다.
2024-09-09,2024-09-10,한식,6,301,영상 퀄리티도 좋고 정보도 좋아요.
2024-07-28,2024-07-31,양식,2,307,피자 좋아하는데 이런 맛집이 있었다니!
2024-10-07,2024-10-09,한식,19,321,이 채널 때문에 다이어트 포기합니다 😂
2024-04-04,2024-04-05,한식,1,334,여기 예전에 가봤는데 또 가고 싶네요. 갈비 최고!
2024-01-17,2024-01-19,한식,10,471,영상 보고 바로 저장했습니다. 김치찌개 먹으러 성수 가야겠어요.
2024-08-01,2024-08-02,한식,5,344,와 김치찌개 진짜 맛있어 보이네요. 침 고입니다.
2024-10-20,2024-10-21,남미,14,383,타코 좋아하는데 이런 맛집이 있었다니!
2024-01-19,2024-01-19,일식,9,165,여기 예전에 가봤는데 또 가고 싶네요. 라멘 최고!
2024-02-04,2024-02-07,일식,17,33,와 초밥 진짜 맛있어 보이네요. 침 고입니다.
2024-03-03,2024-03-05,양식,10,269,항상 믿고 보는 맛집 채널입니다 👍
2024-04-17,2024-04-17,양식,3,292,다음에는 이태원 다른 맛집도 소개해주세요!
2024-09-04,2024-09-06,양식,13,311,오늘 저녁 메뉴는 버거로 결정했습니다.
2024-09-26,2024-09-28,한식,4,314,보쌈 좋아하는데 이런 맛집이 있었다니!
2024-09-11,2024-09-14,양식,5,452,피자 좋아하는데 이런 맛집이 있었다니!
2024-05-28,2024-05-29,한식,0,60,압구정 가면 여기 꼭 가봐야겠네요! 냉면 진짜 맛있어 보입니다.
2024-03-01,2024-03-02,양식,19,212,항상 믿고 보는 맛집 채널입니다 👍
2024-06-28,2024-06-29,한식,0,327,을지로 맛집 찾고 있었는데 감사합니다!
2024-02-04,2024-02-06,한식,9,259,이 채널 때문에 다이어트 포기합니다 😂
2024-01-04,2024-01-04,한식,10,174,항상 믿고 보는 맛집 채널입니다 👍
2024-01-15,2024-01-16,동남아,6,169,오늘 저녁 메뉴는 쌀국수로 결정했습니다.
2024-09-02,2024-09-05,한식,1,330,보쌈 비주얼 미쳤네요… 다음 주말에 가볼게요!
2024-08-23,2024-08-25,양식,14,401,오늘 저녁 메뉴는 피자로 결정했습니다.
2024-01-29,2024-01-31,일식,18,371,영상 퀄리티도 좋고 정보도 좋아요.
2024-10-01,2024-10-01,한식,6,295,영상 퀄리티도 좋고 정보도 좋아요.
